User_ID,Total_Calories,Avg_Calories,Meal_Count,Total_Protein,Total_Carbs,Total_Fat,Total_Fiber,Total_Sugars,Total_Sodium,Total_Cholesterol,Avg_Water_Intake
1,775,258.3333333333333,3,70.7,149.79999999999998,57.5,8.6,43.1,2776,790,829.3333333333334
2,2420,268.8888888888889,9,194.8,663.1,158.6,54.3,198.9,5343,1313,437.55555555555554
3,1921,320.1666666666667,6,123.60000000000001,405.6,95.5,27.2,163.6,2155,663,571.6666666666666
4,3796,379.6,10,291.1,509.3,280.9,53.2,240.9,2745,1444,687.7
5,4540,454.0,10,196.1,576.4,262.7,41.1,278.2,3967,1916,574.4
6,3813,293.3076923076923,13,340.6,790.4,311.6,75.0,275.5,5968,2132,466.7692307692308
7,1913,239.125,8,250.8,461.8,132.9,31.9,165.1,3084,1698,587.625
8,3106,282.3636363636364,11,250.9,558.0,261.5,51.4,215.4,5181,1565,705.4545454545455
9,1357,452.3333333333333,3,98.9,186.29999999999998,69.6,17.0,82.5,922,329,468.3333333333333
10,2263,282.875,8,203.2,393.0,173.5,37.7,173.5,3435,1061,458.375
11,3117,311.7,10,325.1,526.7,330.2,44.0,249.5,4319,1623,588.2
12,3198,319.8,10,276.2,528.6,248.7,49.400000000000006,219.8,6153,884,437.4
13,5758,338.70588235294116,17,425.3,830.6,351.0,75.0,367.0,8992,1647,635.5294117647059
14,4953,353.7857142857143,14,326.3,776.4,294.2,65.3,334.5,6315,2654,406.2857142857143
15,3867,429.6666666666667,9,269.9,402.2,255.5,45.1,196.5,4497,1410,547.2222222222222
16,1367,273.4,5,115.30000000000001,402.3,123.2,20.700000000000003,139.1,2497,1356,580.8
17,2856,317.3333333333333,9,210.5,438.40000000000003,217.1,56.300000000000004,222.7,5480,1296,601.5555555555555
18,3484,348.4,10,264.6,435.1,285.2,56.9,174.0,4720,1083,495.8
19,1157,231.4,5,157.7,206.6,93.2,20.2,92.3,2285,640,432.6
20,3778,343.45454545454544,11,297.6,569.5,239.3,45.3,215.1,7191,2096,606.4545454545455
21,1749,349.8,5,150.8,286.2,165.3,25.099999999999998,67.8,3388,670,592.8
22,2741,304.55555555555554,9,316.7,315.4,260.8,52.3,143.1,3780,1599,418.22222222222223
23,2507,227.9090909090909,11,342.6,679.7,233.6,59.3,275.6,5394,1920,645.8181818181819
24,4239,471.0,9,290.1,457.5,233.7,38.4,191.70000000000002,3058,1537,574.3333333333334
25,2595,324.375,8,267.8,352.8,236.2,36.599999999999994,179.0,2805,986,466.125
26,2232,318.85714285714283,7,195.4,408.3,182.2,32.5,242.6,3407,1033,529.4285714285714
27,1388,231.33333333333334,6,140.4,156.1,177.1,42.2,88.39999999999999,4691,933,467.6666666666667
28,3177,317.7,10,230.9,459.7,258.3,53.7,167.70000000000002,5497,1031,501.4
29,418,209.0,2,79.1,100.2,60.6,4.2,22.6,548,290,388.5
30,1745,218.125,8,202.8,279.6,146.0,31.5,167.6,4174,1235,497.875
31,6130,383.125,16,453.5,709.4,263.5,85.8,340.6,6753,2474,647.8125
32,5571,371.4,15,379.3,804.6,404.7,72.9,351.8,6710,2151,607.7333333333333
33,3342,334.2,10,242.0,510.7,270.8,38.8,222.4,4944,1668,612.2
34,4597,353.61538461538464,13,307.5,591.7,320.4,67.0,302.3,6942,1447,386.2307692307692
35,5818,342.2352941176471,17,423.4,796.4,473.9,97.0,393.2,9001,2585,519.7647058823529
36,2549,283.22222222222223,9,180.3,500.2,231.4,34.4,269.6,3439,1189,795.7777777777778
37,4110,293.57142857142856,14,474.6,614.4,387.2,74.9,307.8,6060,2016,471.85714285714283
38,4177,321.3076923076923,13,291.7,596.8,304.1,76.0,243.4,3509,1813,588.5384615384615
39,4375,291.6666666666667,15,291.1,779.6,376.9,59.0,319.5,8126,2603,589.9333333333333
40,3932,357.45454545454544,11,280.0,501.7,251.2,55.2,331.7,5415,1787,614.2727272727273
41,2082,231.33333333333334,9,261.1,444.09999999999997,243.9,57.2,106.0,3825,1618,440.1111111111111
42,2617,327.125,8,236.9,365.5,235.7,51.300000000000004,117.60000000000001,3843,1234,559.25
43,1761,293.5,6,156.20000000000002,285.6,143.4,23.8,140.9,4014,997,645.0
44,2133,355.5,6,206.9,247.3,116.4,24.299999999999997,129.2,2633,1004,640.5
45,4150,296.42857142857144,14,453.9,544.3,342.2,57.3,352.4,6473,1885,494.92857142857144
46,3241,270.0833333333333,12,344.4,626.9,328.2,59.6,316.4,5635,2150,396.5
47,5530,325.29411764705884,17,367.9,867.1,447.5,68.8,399.6,8750,2921,516.3529411764706
48,3380,375.55555555555554,9,256.3,439.7,180.0,45.3,149.2,4692,2092,625.2222222222222
49,1607,401.75,4,118.9,120.2,104.80000000000001,20.7,59.1,887,948,442.5
50,6619,348.36842105263156,19,485.0,995.3,420.7,95.5,369.9,10385,2674,542.6315789473684
51,3195,266.25,12,295.7,682.1,343.3,57.099999999999994,287.3,5824,2379,673.1666666666666
52,1817,259.57142857142856,7,228.4,431.3,130.9,35.4,185.4,2930,1261,433.2857142857143
53,3657,332.45454545454544,11,294.6,546.1,237.0,57.099999999999994,259.7,4868,1837,569.8181818181819
54,4903,350.2142857142857,14,341.3,656.3,348.5,48.6,278.0,7067,2316,525.3571428571429
55,3844,427.1111111111111,9,226.8,469.3,216.8,52.4,241.5,3227,1333,382.0
56,3383,338.3,10,212.2,640.1,217.20000000000002,40.800000000000004,257.1,4417,888,590.5
57,2703,386.14285714285717,7,184.6,366.3,255.4,25.2,174.8,4443,1048,593.8571428571429
58,2053,342.1666666666667,6,200.9,362.5,157.0,35.5,181.9,3038,991,703.8333333333334
59,2602,260.2,10,277.0,625.3,255.4,33.7,286.7,4501,1653,700.9
60,2809,255.36363636363637,11,248.3,442.9,296.0,51.4,205.5,7014,1598,463.1818181818182
61,4880,348.57142857142856,14,314.8,831.8,293.59999999999997,81.3,399.2,8177,2309,597.3571428571429
62,3071,307.1,10,264.7,585.7,295.6,46.9,229.4,4149,2066,495.8
63,3221,402.625,8,288.4,289.6,200.7,31.7,134.7,3568,962,689.875
64,3167,316.7,10,238.8,504.1,262.90000000000003,54.5,197.1,2860,1382,689.6
65,4473,319.5,14,391.4,692.7,449.1,92.6,285.4,7452,2373,454.5
66,4633,330.92857142857144,14,378.5,802.6,319.5,59.699999999999996,279.6,6791,2548,670.2142857142857
67,4699,361.46153846153845,13,486.3,779.1,420.6,81.1,256.8,5542,2337,573.2307692307693
68,4394,338.0,13,455.8,980.7,260.7,58.699999999999996,407.3,6895,2305,467.0769230769231
69,5216,306.8235294117647,17,471.9,688.3,407.40000000000003,85.7,373.8,8601,2940,624.4705882352941
70,2353,336.14285714285717,7,118.3,334.5,181.6,40.4,150.2,4091,1462,582.7142857142857
71,3982,398.2,10,196.9,528.3,208.2,54.9,194.5,5996,1658,598.8
72,1857,309.5,6,115.5,252.5,170.6,33.0,107.39999999999999,3808,836,359.8333333333333
73,5878,419.85714285714283,14,367.3,707.0,292.2,74.7,231.0,5352,1942,540.2857142857143
74,1695,242.14285714285714,7,196.20000000000002,355.4,181.3,49.4,168.9,2402,872,390.85714285714283
75,3825,347.72727272727275,11,240.2,581.2,168.2,46.1,278.0,6267,1475,539.6363636363636
76,4516,347.38461538461536,13,355.6,588.0,296.3,58.4,237.2,6108,2005,442.15384615384613
77,2513,314.125,8,222.10000000000002,443.8,288.7,27.9,166.2,3486,1109,704.625
78,4142,345.1666666666667,12,236.5,758.5,356.5,57.6,357.4,7297,2108,495.75
79,2919,291.9,10,295.1,410.79999999999995,226.9,56.0,195.8,4396,1127,477.4
80,4272,356.0,12,263.0,668.3,309.6,58.2,173.9,6692,2149,609.1666666666666
81,3069,306.9,10,299.3,507.4,245.3,42.400000000000006,254.5,5985,1770,470.9
82,2172,310.2857142857143,7,143.4,331.0,182.3,29.3,229.3,3155,1270,610.8571428571429
83,3302,366.8888888888889,9,220.6,474.7,291.1,46.9,208.70000000000002,3596,1436,481.3333333333333
84,3604,360.4,10,293.3,582.4,185.3,46.7,234.6,6169,1438,616.5
85,2509,358.42857142857144,7,212.2,390.59999999999997,175.4,39.4,186.7,4069,1004,770.8571428571429
86,3222,292.90909090909093,11,311.3,486.1,306.9,62.5,175.3,4240,2215,479.6363636363636
87,2799,311.0,9,218.1,632.6,209.7,46.0,280.8,4164,1526,690.7777777777778
88,3154,315.4,10,260.9,630.0,219.1,46.7,224.1,5862,1322,559.6
89,2094,418.8,5,120.8,358.6,124.3,12.0,145.1,2557,678,708.8
90,3998,363.45454545454544,11,204.1,480.09999999999997,296.5,51.8,182.9,5531,1759,548.0909090909091
91,4571,268.88235294117646,17,386.8,883.7,492.3,78.2,388.59999999999997,8865,2885,543.0588235294117
92,4026,287.57142857142856,14,310.8,715.5,378.3,65.3,260.3,7750,2234,614.3571428571429
93,4738,394.8333333333333,12,317.3,570.1,264.0,72.0,216.29999999999998,6824,2130,665.8333333333334
94,6485,381.47058823529414,17,416.0,971.6,452.5,111.8,345.7,8557,3114,594.6470588235294
95,5225,348.3333333333333,15,395.8,758.6,405.6,72.8,335.5,8678,1920,580.7333333333333
96,4809,437.1818181818182,11,342.5,523.4,282.6,45.8,229.0,6454,1588,481.72727272727275
97,3986,306.61538461538464,13,358.2,583.5999999999999,282.3,54.2,187.39999999999998,6258,2877,537.8461538461538
98,2200,275.0,8,199.6,341.4,191.5,47.6,203.8,2948,972,590.0
99,6113,436.64285714285717,14,363.2,645.7,374.4,65.3,263.3,7721,1996,458.64285714285717
100,3225,293.1818181818182,11,296.9,718.6999999999999,294.0,50.9,250.7,6058,1788,512.8181818181819
101,2438,243.8,10,253.7,553.1,240.0,23.7,248.1,4321,1684,606.0
102,2132,304.57142857142856,7,222.8,431.9,118.5,34.5,193.2,2627,1376,603.2857142857143
103,4369,291.26666666666665,15,383.6,800.5,342.3,62.7,312.2,8695,2650,421.46666666666664
104,2304,256.0,9,272.1,510.6,294.8,56.8,183.5,5079,1291,495.1111111111111
105,1740,248.57142857142858,7,153.3,399.6,105.0,41.1,128.5,4237,1140,369.85714285714283
106,2223,370.5,6,172.9,272.09999999999997,142.5,23.5,121.10000000000001,1982,879,619.3333333333334
107,3375,375.0,9,191.5,409.3,244.0,50.6,202.89999999999998,5277,1421,533.7777777777778
108,4598,328.42857142857144,14,422.4,609.5,311.2,70.9,327.4,7605,2490,572.8571428571429
109,1526,381.5,4,172.4,172.89999999999998,98.1,8.9,104.2,2396,873,560.25
110,2506,358.0,7,151.9,361.1,257.2,36.0,161.3,3439,1081,522.0
111,4214,301.0,14,352.20000000000005,649.8,276.9,69.1,313.9,6109,2747,518.4285714285714
112,3596,276.61538461538464,13,365.2,620.1,419.2,74.3,277.8,5710,1984,494.15384615384613
113,3974,397.4,10,296.1,482.2,301.1,40.8,288.5,4026,1480,392.9
114,2035,290.7142857142857,7,179.5,396.2,223.4,41.5,237.8,3333,938,588.7142857142857
115,3238,404.75,8,206.5,453.8,173.7,41.1,219.29999999999998,3146,1395,668.375
116,2790,398.57142857142856,7,225.1,330.6,146.6,31.700000000000003,160.29999999999998,3417,937,477.85714285714283
117,2428,404.6666666666667,6,144.0,296.5,155.3,26.1,83.10000000000001,3237,1059,633.6666666666666
118,4241,424.1,10,325.5,480.40000000000003,334.1,51.3,133.0,5691,1504,589.2
119,3098,344.22222222222223,9,268.2,427.8,139.1,45.5,272.1,4130,1128,567.4444444444445
120,3252,361.3333333333333,9,178.5,519.3,181.8,43.4,203.29999999999998,4881,1252,469.55555555555554
121,2997,299.7,10,261.8,595.5,208.0,46.2,225.1,4259,1486,550.0
122,3172,264.3333333333333,12,353.7,763.9,334.4,58.2,307.9,5965,1598,603.5833333333334
123,2497,249.7,10,161.3,559.1,321.2,64.0,200.2,4288,1574,580.6
124,4473,406.6363636363636,11,252.0,645.0,222.5,53.5,269.8,5002,1552,577.0909090909091
125,5288,377.7142857142857,14,392.6,794.9,356.9,65.4,409.0,7057,1849,544.0714285714286
126,4136,295.42857142857144,14,402.6,664.8,472.4,56.9,376.5,7187,2531,462.0
127,3569,274.53846153846155,13,313.5,589.5,295.7,53.699999999999996,193.1,5731,2176,661.0
128,3288,298.90909090909093,11,285.6,505.6,297.7,44.7,218.4,6317,1755,675.7272727272727
129,3988,443.1111111111111,9,199.39999999999998,373.5,130.4,43.7,158.2,4268,876,546.6666666666666
130,2781,278.1,10,202.5,520.1999999999999,243.10000000000002,50.2,265.9,4132,1273,526.9
131,3987,362.45454545454544,11,315.4,653.2,243.0,60.5,230.1,5584,1195,594.4545454545455
132,2357,392.8333333333333,6,184.4,289.8,180.4,26.5,177.4,3440,1067,334.8333333333333
133,3382,422.75,8,188.4,420.1,151.0,45.5,185.1,3667,1659,705.5
134,2307,384.5,6,192.7,285.6,201.8,29.5,108.8,2061,962,496.8333333333333
135,4116,374.1818181818182,11,334.2,509.8,260.9,52.6,213.79999999999998,6392,1840,476.45454545454544
136,3403,340.3,10,340.6,662.6,239.7,61.300000000000004,374.7,5581,1510,579.7
137,3915,326.25,12,303.4,717.6,276.1,56.1,341.7,6641,1135,514.5833333333334
138,3482,386.8888888888889,9,280.1,416.5,274.5,34.8,171.3,3619,979,506.6666666666667
139,2463,246.3,10,219.1,528.2,304.3,51.4,246.60000000000002,5558,1137,475.6
140,3878,323.1666666666667,12,275.4,688.1,335.6,69.4,184.9,7171,1874,465.5833333333333
141,4439,317.07142857142856,14,413.4,594.3,222.0,77.0,155.29999999999998,6936,2010,536.3571428571429
142,3802,316.8333333333333,12,271.7,750.8,308.6,69.3,214.6,7357,2077,506.1666666666667
143,4402,338.61538461538464,13,348.8,738.1,322.8,56.9,260.0,4150,1292,597.9230769230769
144,1095,273.75,4,67.7,174.6,85.4,26.1,103.6,1855,457,528.25
145,1891,378.2,5,133.8,252.0,174.5,27.8,62.099999999999994,1943,824,589.2
146,1710,244.28571428571428,7,171.6,399.9,108.39999999999999,51.5,115.7,3661,917,670.8571428571429
147,2055,293.57142857142856,7,187.1,321.5,153.2,32.5,119.6,1585,840,489.85714285714283
148,4807,300.4375,16,295.3,779.2,378.6,84.1,293.3,6034,2629,492.25
149,2538,317.25,8,203.9,286.3,273.8,50.4,159.6,3664,1140,376.125
150,4218,324.46153846153845,13,296.7,847.9,303.7,36.9,341.4,4886,1854,567.2307692307693
151,2077,259.625,8,162.5,294.1,186.7,39.0,208.8,2178,767,484.625
152,5127,366.2142857142857,14,454.9,830.8,405.4,66.4,292.0,6600,2027,624.7857142857143
153,3615,361.5,10,282.7,636.4,282.6,56.1,275.9,3357,1728,592.2
154,3565,324.09090909090907,11,283.6,653.4,281.7,59.800000000000004,255.9,5913,1741,673.7272727272727
155,1587,264.5,6,146.3,334.3,149.2,32.8,151.5,3258,683,590.0
156,4819,370.6923076923077,13,268.6,793.4,347.3,69.0,232.7,4929,1491,533.8461538461538
157,3054,305.4,10,244.0,553.7,253.5,39.7,208.1,5340,1569,604.3
158,3105,388.125,8,200.7,278.1,210.2,41.7,178.8,3069,1025,584.625
159,2878,359.75,8,156.3,315.4,188.1,43.0,166.2,3400,1145,529.375
160,2386,265.1111111111111,9,256.2,491.59999999999997,286.0,57.4,267.4,4776,1002,538.1111111111111
161,3235,323.5,10,352.3,697.4,312.6,51.2,246.2,7016,1584,495.2
162,3782,315.1666666666667,12,210.2,706.9,306.4,54.800000000000004,321.3,6402,2172,519.4166666666666
163,2656,332.0,8,196.0,254.6,156.5,28.5,173.4,4718,1179,496.875
164,5000,357.14285714285717,14,308.4,784.0,468.4,98.7,249.20000000000002,6938,2437,491.7142857142857
165,2206,275.75,8,183.7,299.3,244.29999999999998,37.2,181.9,4383,1164,573.0
166,4458,371.5,12,324.5,587.9,286.9,59.0,269.3,4422,1882,613.8333333333334
167,2578,286.44444444444446,9,207.6,375.1,269.0,59.3,231.1,4830,1764,496.3333333333333
168,5451,363.4,15,341.1,865.0,312.9,75.6,255.2,8178,2372,627.4
169,4695,361.15384615384613,13,266.8,574.0,305.1,58.4,282.4,7251,1966,669.3076923076923
170,2741,342.625,8,164.0,256.0,182.5,19.1,169.7,4762,1300,588.75
171,4753,297.0625,16,526.9,787.9,395.2,74.2,320.1,7780,2375,626.375
172,3564,396.0,9,225.6,570.8,221.70000000000002,46.0,260.9,4435,1857,462.55555555555554
173,4486,345.0769230769231,13,307.6,697.8000000000001,308.7,65.0,198.6,5849,2070,527.7692307692307
174,2613,373.2857142857143,7,123.60000000000001,384.5,136.9,30.3,103.3,2929,1505,514.4285714285714
175,3578,357.8,10,263.2,566.4,189.0,55.5,300.0,4676,769,545.6
176,2456,272.8888888888889,9,213.7,310.9,231.3,43.4,174.29999999999998,5384,1278,494.44444444444446
177,3694,284.15384615384613,13,285.2,691.5,336.3,70.5,249.9,4361,1979,549.7692307692307
178,2386,397.6666666666667,6,164.2,257.7,194.2,34.1,58.7,2429,695,448.0
179,5006,417.1666666666667,12,366.1,640.1,337.8,66.2,292.3,4890,1696,506.9166666666667
180,5108,340.53333333333336,15,371.8,762.1,402.5,93.6,400.3,7149,1825,445.26666666666665
181,3038,337.55555555555554,9,273.5,655.8,287.8,50.5,260.6,3817,1440,602.2222222222222
182,2303,287.875,8,168.8,339.8,231.6,42.099999999999994,141.8,3747,1185,597.5
183,727,363.5,2,71.0,160.1,47.0,12.2,50.699999999999996,669,254,273.5
184,4367,311.92857142857144,14,238.0,629.4,380.90000000000003,87.4,303.8,7238,1848,570.3571428571429
185,4591,306.06666666666666,15,379.9,945.1,443.0,79.1,309.7,6638,1994,518.4
186,2222,370.3333333333333,6,199.9,204.1,130.4,24.6,118.6,2451,751,556.3333333333334
187,3798,316.5,12,340.3,876.2,293.6,63.8,318.5,4432,1821,536.5
188,6245,367.3529411764706,17,370.8,807.5,440.6,89.3,373.5,8194,3049,541.1176470588235
189,1862,232.75,8,291.1,452.09999999999997,213.6,39.5,134.8,4213,1323,475.75
190,1252,417.3333333333333,3,69.9,216.9,60.400000000000006,18.2,92.80000000000001,1843,487,510.6666666666667
191,4430,316.42857142857144,14,349.5,781.5,296.8,70.4,258.6,8215,2600,583.5714285714286
192,3823,347.54545454545456,11,181.70000000000002,500.5,302.0,51.8,194.8,4237,1596,549.0909090909091
193,1799,257.0,7,202.8,492.0,178.7,29.799999999999997,203.7,3836,625,418.57142857142856
194,3029,302.9,10,232.8,532.6,266.5,57.2,211.8,4531,2002,547.8
195,2254,281.75,8,172.2,406.90000000000003,208.2,42.5,163.0,4803,1236,531.0
196,1730,288.3333333333333,6,218.9,283.1,149.0,25.9,150.2,3595,1202,759.6666666666666
197,2669,333.625,8,155.5,406.1,205.2,43.5,141.8,3188,1369,584.25
198,3524,320.3636363636364,11,271.3,665.4,292.7,62.3,311.6,7219,2027,500.27272727272725
199,2756,393.7142857142857,7,226.3,356.9,191.4,21.8,213.4,2885,1280,776.4285714285714
200,3665,407.22222222222223,9,260.7,515.3,182.2,52.0,224.9,3802,1068,478.22222222222223
201,1226,245.2,5,139.9,274.4,106.8,26.1,139.9,3140,424,610.2
202,3501,318.27272727272725,11,247.2,562.3,226.9,65.0,210.6,6136,1797,609.1818181818181
203,2991,373.875,8,223.2,278.9,216.3,23.1,154.9,3556,1181,531.125
204,3534,392.6666666666667,9,196.2,540.7,263.3,53.0,204.4,4483,1207,545.4444444444445
205,3389,260.6923076923077,13,269.1,637.2,255.0,45.8,316.5,5172,1898,523.0769230769231
206,2943,367.875,8,177.2,492.9,209.0,39.3,177.5,4520,1701,327.75
207,3998,285.57142857142856,14,324.6,862.9,405.0,71.10000000000001,370.6,8792,2039,505.7857142857143
208,3395,339.5,10,250.1,590.5,288.0,41.5,231.8,6027,2273,450.9
209,5356,357.06666666666666,15,408.8,908.9,393.7,72.0,358.8,8286,2683,572.1333333333333
210,3786,315.5,12,256.5,731.5,316.4,64.7,300.4,6519,1500,352.25
211,4208,467.55555555555554,9,248.1,624.9,211.4,50.5,152.8,3623,1528,560.8888888888889
212,1424,284.8,5,65.8,257.2,102.6,34.0,67.1,3857,869,478.2
213,3721,338.27272727272725,11,292.9,500.6,236.3,59.800000000000004,212.1,6141,1461,553.3636363636364
214,3534,392.6666666666667,9,253.4,563.9,233.7,36.4,243.6,3940,2050,494.55555555555554
215,4558,325.57142857142856,14,290.4,731.2,404.2,61.6,318.0,6378,1864,612.1428571428571
216,4458,342.9230769230769,13,306.7,710.3,324.1,67.1,261.0,7903,2039,561.7692307692307
217,4114,293.85714285714283,14,331.4,825.4,406.5,75.4,255.2,6981,1972,570.5
218,5460,341.25,16,367.4,978.1,256.6,77.6,264.0,9827,2242,488.75
219,2277,284.625,8,191.1,293.0,122.2,34.2,135.29999999999998,3726,1475,578.75
220,2929,325.44444444444446,9,248.4,324.7,188.1,37.0,188.5,5084,1767,570.4444444444445
221,3005,300.5,10,275.0,408.3,268.1,37.4,194.8,4849,1009,520.2
222,3537,294.75,12,253.6,606.8,378.5,58.3,260.5,5559,1347,639.3333333333334
223,5228,348.53333333333336,15,394.6,932.2,400.0,80.7,373.0,7650,2360,500.0
224,3439,312.6363636363636,11,322.4,662.7,298.8,53.4,251.5,5859,1914,560.7272727272727
225,3601,300.0833333333333,12,254.8,708.2,284.4,65.4,261.3,8126,1579,590.4166666666666
226,3737,339.72727272727275,11,330.5,506.2,220.3,52.1,206.10000000000002,4337,1792,610.8181818181819
227,4624,385.3333333333333,12,271.4,644.6,396.3,56.3,204.3,7357,1672,452.0833333333333
228,1865,373.0,5,165.4,259.8,119.19999999999999,9.9,118.1,2810,824,453.6
229,4212,280.8,15,318.3,1018.3000000000001,312.5,69.1,308.0,7864,2604,566.0666666666667
230,790,158.0,5,141.8,291.3,108.5,24.2,135.8,2452,625,657.0
231,4096,341.3333333333333,12,335.9,619.4,252.0,60.0,233.20000000000002,6285,2126,472.5
232,4654,387.8333333333333,12,275.1,624.8,413.7,53.5,259.7,5850,2107,505.25
233,2381,297.625,8,275.1,471.6,263.0,48.8,147.1,3958,1717,550.25
234,2356,392.6666666666667,6,195.5,295.3,178.0,25.9,81.3,2146,857,474.8333333333333
235,4305,391.3636363636364,11,271.5,772.1,247.5,52.4,250.7,5130,1254,469.27272727272725
236,4591,353.15384615384613,13,392.3,771.1,324.09999999999997,50.7,248.6,6254,2412,500.53846153846155
237,4482,320.14285714285717,14,330.1,870.3,399.1,74.5,346.2,8522,2054,698.0714285714286
238,3084,308.4,10,208.0,438.4,236.6,35.1,257.8,4304,1257,640.4
239,3842,274.42857142857144,14,308.8,702.0,392.0,65.1,248.9,4733,2084,599.0
240,3080,308.0,10,255.9,376.0,328.8,30.7,123.2,4553,1945,676.8
241,3679,367.9,10,230.5,497.7,212.2,44.0,190.9,3812,1407,613.6
242,5013,334.2,15,528.9,719.2,436.4,82.10000000000001,310.3,8716,2313,597.9333333333333
243,1463,292.6,5,156.3,270.5,133.4,24.0,82.1,2942,682,616.4
244,2933,366.625,8,174.6,395.1,233.4,34.9,249.4,5588,1284,646.0
245,3352,372.44444444444446,9,213.3,471.20000000000005,282.2,51.7,227.9,4764,1293,529.1111111111111
246,1518,303.6,5,177.4,350.4,156.5,23.6,77.1,3146,641,490.4
247,4408,367.3333333333333,12,290.4,491.3,248.3,53.6,235.3,5840,1826,539.4166666666666
248,3604,360.4,10,289.6,485.90000000000003,250.8,42.9,210.0,5270,1595,581.6
249,2534,316.75,8,248.79999999999998,467.3,225.6,28.1,226.9,4454,889,528.375
250,2675,382.14285714285717,7,139.7,433.1,167.2,40.1,146.8,3435,1382,467.14285714285717
251,3310,331.0,10,168.9,572.3000000000001,302.8,60.7,225.6,5216,1088,603.4
252,2953,328.1111111111111,9,247.5,432.7,246.7,47.1,177.60000000000002,4316,1047,566.5555555555555
253,3533,321.1818181818182,11,225.6,665.6,238.3,61.1,287.4,6323,1550,502.0
254,3604,327.6363636363636,11,277.7,585.7,404.7,54.6,225.5,4843,1744,683.7272727272727
255,2085,260.625,8,151.4,467.6,269.9,43.0,168.7,4827,837,552.125
256,2275,284.375,8,229.2,429.9,199.1,49.5,199.5,3788,1634,524.125
257,1793,298.8333333333333,6,158.4,163.8,150.1,29.4,107.4,1971,954,686.6666666666666
258,2031,253.875,8,221.5,370.9,217.1,45.6,176.0,4325,1292,552.0
259,2106,234.0,9,166.8,553.3,223.8,43.3,196.6,5497,1722,457.0
260,1941,277.2857142857143,7,170.6,284.40000000000003,219.79999999999998,29.3,175.6,3545,1227,612.5714285714286
261,1244,311.0,4,117.9,291.5,114.5,19.5,137.7,2414,414,233.75
262,4699,335.64285714285717,14,329.5,605.8,282.2,77.2,253.0,7026,2168,648.8571428571429
263,3007,300.7,10,223.0,437.1,246.2,39.3,123.0,6298,1627,575.0
264,813,271.0,3,91.2,127.9,59.199999999999996,13.3,14.8,806,289,745.0
265,4668,389.0,12,239.5,643.2,361.2,48.3,281.8,7025,1837,567.75
266,5137,342.46666666666664,15,463.6,919.1,321.7,66.6,339.4,8218,1930,427.8666666666667
267,2867,358.375,8,236.8,316.8,230.4,41.6,163.4,3248,1203,622.375
268,2906,290.6,10,280.0,586.1,280.7,59.4,162.79999999999998,4053,2022,488.7
269,3465,315.0,11,344.0,461.0,389.8,43.5,167.3,6222,1415,614.6363636363636
270,4246,386.0,11,210.1,479.4,231.39999999999998,54.0,290.1,6985,1439,463.09090909090907
271,4328,332.9230769230769,13,304.0,623.5,429.2,62.3,208.7,6914,2056,566.4615384615385
272,2900,362.5,8,190.0,457.6,195.2,39.6,205.5,5135,1149,704.75
273,3762,342.0,11,201.4,481.29999999999995,210.20000000000002,55.4,214.5,3253,1482,538.1818181818181
274,2855,356.875,8,149.3,377.6,214.2,50.6,188.2,4127,1592,591.25
275,2035,254.375,8,166.6,388.1,199.9,36.0,180.2,3915,1397,602.125
276,3252,271.0,12,235.6,736.1,298.1,67.1,267.7,6513,1900,706.1666666666666
277,2267,377.8333333333333,6,156.0,386.5,122.5,20.1,141.2,3599,751,660.6666666666666
278,2708,338.5,8,251.3,354.29999999999995,193.2,43.9,145.5,4784,736,704.75
279,4681,390.0833333333333,12,321.3,718.5,315.3,69.1,279.5,7016,1986,599.25
280,3719,338.09090909090907,11,235.6,659.9,267.6,58.0,276.9,5993,1502,579.1818181818181
281,1908,318.0,6,131.4,321.1,163.2,38.7,128.8,4435,1195,527.1666666666666
282,1490,372.5,4,160.3,201.89999999999998,93.5,11.5,78.6,2268,510,650.5
283,2154,307.7142857142857,7,127.10000000000001,420.0,185.5,26.0,107.80000000000001,2822,1118,726.2857142857143
284,2598,324.75,8,290.9,442.1,167.3,43.0,179.4,3731,1159,440.375
285,1164,232.8,5,167.5,258.2,98.4,30.900000000000002,136.2,2133,807,559.0
286,4213,383.0,11,271.4,621.0,312.59999999999997,46.3,258.9,5206,2261,570.5454545454545
287,3872,352.0,11,275.6,570.1,314.2,60.8,158.0,6345,1939,553.7272727272727
288,5176,345.06666666666666,15,426.9,851.3,364.9,80.3,346.2,7713,2292,561.5333333333333
289,2908,290.8,10,206.2,578.1,299.3,64.6,229.10000000000002,4716,1440,677.8
290,3126,446.57142857142856,7,155.1,310.0,210.60000000000002,36.1,145.29999999999998,4421,1293,558.4285714285714
291,1849,308.1666666666667,6,93.30000000000001,255.6,146.0,33.3,159.0,4002,557,561.6666666666666
292,3459,345.9,10,175.79999999999998,596.7,299.7,26.5,210.5,5752,1284,662.2
293,2671,296.77777777777777,9,303.0,511.5,231.5,47.3,154.7,4385,1282,422.3333333333333
294,3114,311.4,10,257.9,480.2,338.7,57.9,250.20000000000002,4192,1667,521.7
295,2239,319.85714285714283,7,175.0,383.0,160.6,42.9,151.0,3877,922,540.5714285714286
296,4627,330.5,14,317.6,621.5,306.9,69.89999999999999,270.1,8467,1876,423.42857142857144
297,3082,280.1818181818182,11,286.9,464.8,279.8,55.3,185.4,7045,2035,526.4545454545455
298,2909,290.9,10,127.19999999999999,543.2,205.6,53.4,200.8,3769,1864,590.5
299,3156,286.90909090909093,11,263.9,652.1,227.1,71.3,312.8,5344,1300,494.6363636363636
300,2458,307.25,8,150.7,476.4,156.0,50.2,118.5,5316,1563,489.125
301,3112,282.90909090909093,11,214.4,589.3,221.2,70.2,206.8,6159,2043,646.1818181818181
302,3152,350.22222222222223,9,248.8,515.2,220.4,38.1,231.1,5398,1499,446.6666666666667
303,2443,244.3,10,261.8,456.2,221.6,51.2,211.0,5039,1755,380.4
304,1362,340.5,4,80.80000000000001,327.5,155.8,30.1,106.80000000000001,2041,470,349.0
305,3494,317.6363636363636,11,287.1,613.8,320.2,60.0,311.4,5045,1377,497.1818181818182
306,3103,282.09090909090907,11,262.9,584.5,334.7,63.400000000000006,238.7,6549,1378,523.6363636363636
307,2759,344.875,8,128.9,490.0,244.2,39.0,206.7,4007,1234,561.25
308,3668,366.8,10,261.4,440.7,231.2,73.9,166.4,4216,1451,401.4
309,1023,204.6,5,153.0,273.7,160.9,19.3,69.7,1622,973,505.6
310,3344,257.2307692307692,13,263.4,785.9,376.6,38.3,298.2,7239,1967,664.2307692307693
311,1918,479.5,4,114.7,174.3,83.8,28.3,75.3,2008,521,666.75
312,2674,382.0,7,179.2,415.8,241.7,26.1,124.4,2676,645,441.2857142857143
313,5771,384.73333333333335,15,392.5,868.3,428.4,67.0,278.40000000000003,8705,2173,464.26666666666665
314,4061,312.38461538461536,13,334.7,597.6,383.9,62.1,242.5,6107,2285,703.6923076923077
315,2746,228.83333333333334,12,270.5,517.3,307.6,53.0,291.8,6160,1630,632.6666666666666
316,3495,388.3333333333333,9,255.1,409.6,285.2,43.0,122.8,4522,1030,524.5555555555555
317,3403,378.1111111111111,9,161.0,565.1999999999999,296.1,38.8,220.9,4057,976,739.5555555555555
318,3810,423.3333333333333,9,155.5,560.1,273.2,42.8,192.5,2653,1018,459.44444444444446
319,4750,365.38461538461536,13,338.9,738.5,361.0,55.3,247.10000000000002,6123,1722,515.6153846153846
320,5055,337.0,15,402.3,818.7,282.0,80.9,319.7,9046,2716,543.6666666666666
321,3148,314.8,10,309.1,507.9,202.0,58.8,220.79999999999998,4544,1221,450.0
322,5140,395.38461538461536,13,321.3,779.3,299.2,72.7,359.0,7208,2159,440.0
323,3173,288.45454545454544,11,248.7,539.5,288.6,51.5,182.7,5276,1745,555.0
324,3908,325.6666666666667,12,260.0,605.6,260.2,53.6,194.3,7927,1994,457.4166666666667
325,3987,362.45454545454544,11,246.0,631.5,300.2,57.6,208.39999999999998,4829,1507,487.72727272727275
326,2512,251.2,10,302.2,490.2,124.5,59.2,173.4,4514,1138,560.4
327,3958,439.77777777777777,9,212.6,476.0,265.6,56.9,182.2,5089,1324,639.2222222222222
328,1790,358.0,5,103.5,310.2,123.3,21.8,86.19999999999999,2495,1138,856.8
329,2798,399.7142857142857,7,197.5,437.0,234.1,32.1,151.2,3469,1174,522.0
330,3252,361.3333333333333,9,225.0,586.0,232.2,43.3,244.0,4181,1462,513.0
331,3711,337.3636363636364,11,242.89999999999998,674.3,284.8,48.0,260.4,5299,1505,494.54545454545456
332,4858,404.8333333333333,12,237.9,636.7,269.0,50.199999999999996,231.5,4936,1458,568.9166666666666
333,3073,307.3,10,299.9,633.5,214.9,47.2,327.8,4832,1656,654.6
334,3906,300.46153846153845,13,329.0,684.4,255.7,64.8,326.1,6540,2190,457.61538461538464
335,2525,280.55555555555554,9,188.7,523.4,287.9,40.9,147.1,5684,1028,515.7777777777778
336,3808,346.1818181818182,11,258.2,468.09999999999997,319.1,51.8,264.7,4804,1115,554.3636363636364
337,3214,357.1111111111111,9,250.79999999999998,388.7,270.0,43.7,211.9,4641,959,519.4444444444445
338,4851,303.1875,16,407.90000000000003,829.0,309.2,65.2,406.5,6145,2142,579.375
339,4030,268.6666666666667,15,333.9,787.9,476.1,85.4,304.7,9559,2068,632.7333333333333
340,2726,389.42857142857144,7,186.6,315.0,156.1,31.9,89.8,4453,1074,547.4285714285714
341,2912,323.55555555555554,9,201.3,541.4,202.1,36.0,185.6,3625,1407,486.0
342,3304,330.4,10,273.2,705.7,332.5,51.3,218.4,5858,1483,613.2
343,3691,335.54545454545456,11,284.0,527.1,182.4,30.3,277.3,4333,1082,483.72727272727275
344,1840,306.6666666666667,6,144.0,231.2,130.3,20.299999999999997,105.39999999999999,2984,1159,585.6666666666666
345,2937,326.3333333333333,9,266.6,582.3,201.0,41.3,242.8,5718,1256,456.1111111111111
346,4941,352.92857142857144,14,327.5,762.8,253.7,85.9,308.2,8613,2762,571.0714285714286
347,4091,292.2142857142857,14,377.3,710.3,303.3,85.9,234.6,6891,1747,555.5714285714286
348,4460,343.0769230769231,13,386.6,604.2,360.5,55.1,214.0,8012,1422,547.7692307692307
349,2429,404.8333333333333,6,94.8,191.60000000000002,151.4,28.3,81.5,2360,948,593.0
350,3877,276.92857142857144,14,372.3,857.5,362.2,61.2,242.5,6304,1843,686.9285714285714
351,1235,308.75,4,85.69999999999999,215.6,36.3,17.7,88.0,1779,263,728.5
352,1091,218.2,5,62.7,188.0,132.2,13.200000000000001,89.0,1806,747,592.4
353,2429,303.625,8,217.0,361.4,172.5,41.2,102.9,1934,1605,493.625
354,2174,310.57142857142856,7,196.8,451.7,167.4,49.199999999999996,164.6,4719,870,780.5714285714286
355,3930,327.5,12,319.8,622.7,267.6,53.2,187.0,7295,2018,537.8333333333334
356,4682,360.15384615384613,13,410.6,818.1,375.5,72.4,348.8,5447,2292,577.2307692307693
357,4343,334.0769230769231,13,363.0,759.4,370.6,54.1,297.6,6875,1832,540.0
358,4813,320.8666666666667,15,420.0,692.0,433.1,93.2,273.3,4744,2559,516.6
359,2194,365.6666666666667,6,141.5,202.1,126.30000000000001,35.7,121.7,2595,1030,615.0
360,2326,387.6666666666667,6,146.0,218.5,127.0,25.2,88.8,1970,725,456.3333333333333
361,3427,285.5833333333333,12,379.9,754.6,302.6,51.0,312.2,6242,2304,500.0
362,1438,239.66666666666666,6,200.2,338.3,185.8,28.6,84.10000000000001,4030,879,552.8333333333334
363,2581,368.7142857142857,7,188.5,259.5,198.2,26.8,90.6,3557,895,654.5714285714286
364,4815,437.72727272727275,11,342.7,467.8,249.1,47.8,280.6,4554,1400,427.90909090909093
365,2762,394.57142857142856,7,194.4,358.7,111.4,31.799999999999997,164.2,3195,1070,592.8571428571429
366,3225,322.5,10,232.5,457.7,221.4,39.8,286.7,4999,1767,571.2
367,4085,371.3636363636364,11,261.4,671.4,299.8,51.5,262.3,6570,1109,655.1818181818181
368,5916,369.75,16,433.3,883.7,380.3,65.2,422.7,9944,1726,506.4375
369,2687,223.91666666666666,12,286.9,779.9,269.5,68.2,276.1,4266,2103,518.6666666666666
370,3613,361.3,10,223.1,602.7,248.1,42.6,228.60000000000002,5283,1272,510.2
371,2927,365.875,8,192.5,338.3,216.0,38.2,155.1,3978,995,432.625
372,4782,318.8,15,438.8,907.3,357.0,75.0,370.4,6480,2956,455.46666666666664
373,2555,283.8888888888889,9,241.7,471.29999999999995,256.0,36.6,277.9,3919,1081,533.0
374,3474,289.5,12,323.7,768.3000000000001,363.5,57.8,381.3,7053,1495,461.75
375,2905,290.5,10,240.3,514.3,248.70000000000002,41.6,306.1,3796,2024,566.8
376,3341,334.1,10,198.1,518.5,203.2,39.7,264.0,2735,1616,530.2
377,3083,342.55555555555554,9,317.9,562.8000000000001,297.4,45.1,117.2,4126,1264,568.2222222222222
378,3740,340.0,11,383.2,749.3,338.8,53.8,327.3,4221,1479,556.5454545454545
379,1851,370.2,5,137.7,220.79999999999998,125.9,25.099999999999998,72.5,2038,677,772.6
380,5259,309.3529411764706,17,378.6,988.8,327.0,87.2,368.2,6713,2632,586.1176470588235
381,4090,340.8333333333333,12,264.7,572.0,266.7,52.6,244.3,6296,2146,541.3333333333334
382,4450,370.8333333333333,12,311.6,613.8,356.7,70.2,272.59999999999997,6475,1992,432.1666666666667
383,4689,390.75,12,347.1,725.9,244.0,56.1,251.20000000000002,6355,1541,547.3333333333334
384,2405,300.625,8,184.3,406.0,201.6,55.199999999999996,200.3,4613,1247,522.5
385,2843,315.8888888888889,9,308.0,471.0,202.2,30.2,178.3,4858,1718,650.4444444444445
386,1707,284.5,6,140.8,149.1,111.2,33.3,59.5,2626,1143,612.1666666666666
387,3057,339.6666666666667,9,154.8,506.7,244.3,51.2,221.6,3831,1242,525.6666666666666
388,3183,397.875,8,178.0,445.4,196.6,46.699999999999996,180.4,4516,1290,428.0
389,2656,379.42857142857144,7,123.5,497.3,148.0,48.1,149.2,4148,906,531.7142857142857
390,839,279.6666666666667,3,87.7,188.3,56.599999999999994,16.3,51.7,463,502,588.6666666666666
391,3261,250.84615384615384,13,308.6,670.1,408.2,68.7,274.9,7278,2057,540.7692307692307
392,2367,236.7,10,279.5,476.0,278.0,52.0,212.4,6131,962,461.4
393,3033,303.3,10,265.2,487.5,335.2,52.3,203.2,4820,1584,609.4
394,2377,182.84615384615384,13,283.5,790.0,322.9,56.3,301.9,7353,1401,437.7692307692308
395,5019,386.0769230769231,13,335.1,747.9,260.1,64.3,236.0,7487,1957,477.3076923076923
396,3205,356.1111111111111,9,242.4,513.2,228.4,50.800000000000004,186.6,5967,1610,453.55555555555554
397,4966,310.375,16,365.2,920.5,398.9,61.4,456.7,7329,3267,551.3125
398,3499,318.09090909090907,11,311.6,434.4,227.5,62.3,200.0,6833,1634,357.0
399,4165,462.77777777777777,9,184.9,489.0,229.3,41.6,242.5,3814,974,660.4444444444445
400,1546,257.6666666666667,6,126.7,321.6,229.6,36.2,148.5,2803,1085,467.3333333333333
401,5108,340.53333333333336,15,373.1,817.2,401.9,85.0,319.0,8757,2240,541.0
402,3946,303.53846153846155,13,393.1,642.7,385.7,64.0,299.4,5719,1709,507.53846153846155
403,4874,406.1666666666667,12,237.8,723.9,362.8,49.4,272.9,5933,1976,557.8333333333334
404,2111,301.57142857142856,7,183.5,343.5,194.8,23.700000000000003,122.1,5055,1276,699.0
405,3968,330.6666666666667,12,237.5,787.1,294.3,66.3,239.79999999999998,5081,1346,598.4166666666666
406,1536,256.0,6,148.1,330.9,211.5,33.1,131.1,2251,572,531.8333333333334
407,1504,300.8,5,109.0,339.0,136.29999999999998,26.6,135.2,3247,773,534.8
408,3466,288.8333333333333,12,270.1,584.2,242.6,59.4,230.7,6846,2117,645.6666666666666
409,1943,242.875,8,193.6,366.8,206.5,47.3,151.0,3467,1036,532.625
410,5026,456.90909090909093,11,357.5,646.7,319.0,48.6,291.6,5271,1960,428.8181818181818
411,798,266.0,3,61.199999999999996,139.1,114.6,13.8,73.2,178,605,480.0
412,2252,281.5,8,267.4,430.2,164.2,56.300000000000004,237.7,5707,1268,511.5
413,1545,257.5,6,139.4,316.5,138.5,34.7,168.8,2394,898,462.6666666666667
414,4753,339.5,14,344.6,747.0,415.6,62.2,351.8,8337,2373,608.5
415,5747,338.05882352941177,17,360.4,886.2,394.4,87.60000000000001,352.4,9221,2802,610.5294117647059
416,3998,333.1666666666667,12,314.3,618.8,332.3,66.7,274.7,5179,1929,572.75
417,4436,369.6666666666667,12,315.59999999999997,606.7,313.8,46.7,237.2,6997,1847,614.25
418,2626,328.25,8,249.60000000000002,431.2,133.1,36.3,166.4,4036,1031,490.25
419,3274,251.84615384615384,13,335.4,718.6999999999999,365.2,60.9,238.3,7639,1721,654.8461538461538
420,4884,375.6923076923077,13,338.8,653.8,359.9,66.60000000000001,295.3,6270,1567,479.0769230769231
421,4047,404.7,10,242.0,578.9,246.8,34.5,182.9,5357,964,516.6
422,5222,326.375,16,450.0,871.8,457.7,78.1,324.20000000000005,6206,2561,701.3125
423,2137,305.2857142857143,7,163.0,383.8,166.8,44.2,126.30000000000001,4849,939,607.0
424,4199,262.4375,16,463.9,927.7,337.5,77.6,392.5,8345,2805,614.1875
425,3020,302.0,10,199.8,557.8,134.0,55.0,282.5,5951,1392,678.5
426,4917,447.0,11,245.6,603.1,280.3,61.3,294.1,5032,1993,518.9090909090909
427,3559,273.7692307692308,13,375.7,865.8,310.1,65.3,312.2,6374,1978,434.7692307692308
428,2707,225.58333333333334,12,343.5,589.1,360.2,52.5,258.4,6126,2085,493.75
429,1782,254.57142857142858,7,275.7,331.79999999999995,204.4,30.6,68.1,3287,1355,565.0
430,3188,354.22222222222223,9,190.7,501.2,232.3,42.0,187.5,4790,1241,624.7777777777778
431,3619,301.5833333333333,12,391.7,653.6,344.0,53.3,202.3,6504,1262,460.5833333333333
432,6357,373.94117647058823,17,455.4,791.6,500.0,60.699999999999996,386.3,7687,1974,480.6470588235294
433,6018,376.125,16,375.3,878.0,413.6,92.4,416.59999999999997,6178,2348,575.0
434,3919,326.5833333333333,12,293.1,766.9,328.3,62.0,312.8,5172,1931,487.5833333333333
435,2083,297.57142857142856,7,187.5,431.3,224.1,20.1,105.30000000000001,3784,849,566.1428571428571
436,3514,390.44444444444446,9,229.8,419.5,215.2,46.7,146.4,5085,1579,677.0
437,1885,377.0,5,80.5,275.6,137.7,11.200000000000001,127.7,3104,855,559.8
438,6938,365.1578947368421,19,434.9,1036.2,534.1,99.1,423.8,10847,2161,640.6315789473684
439,2055,411.0,5,97.1,247.0,160.20000000000002,21.0,126.80000000000001,2681,638,737.2
440,2086,298.0,7,194.1,427.1,144.70000000000002,34.7,234.9,3795,1079,417.42857142857144
441,5654,403.85714285714283,14,374.40000000000003,772.0,328.1,85.7,367.8,5894,2475,477.07142857142856
442,3201,400.125,8,214.1,275.0,197.7,48.3,82.9,3155,1453,587.75
443,3081,342.3333333333333,9,242.4,420.2,175.6,44.8,169.0,5372,857,633.7777777777778
444,2036,254.5,8,247.9,378.0,208.4,38.4,177.2,3225,1028,614.0
445,2248,321.14285714285717,7,177.8,350.9,134.6,30.0,146.39999999999998,4283,1111,540.1428571428571
446,3718,338.0,11,242.7,450.3,300.8,70.5,202.2,6430,1612,478.8181818181818
447,2504,313.0,8,178.79999999999998,397.5,216.0,33.9,182.2,5904,959,676.5
448,3469,346.9,10,285.2,441.7,244.0,56.0,264.1,4964,1801,655.8
449,4467,319.07142857142856,14,372.6,620.4,387.6,72.0,244.6,8673,2032,504.7142857142857
450,4747,316.46666666666664,15,423.0,926.0,353.0,106.19999999999999,425.0,7980,2414,598.6
451,4717,362.84615384615387,13,285.3,703.8,308.1,56.5,174.20000000000002,6189,2266,645.7692307692307
452,2657,241.54545454545453,11,319.8,466.40000000000003,294.9,56.6,177.7,6113,1300,630.0909090909091
453,4400,314.2857142857143,14,367.3,760.2,282.6,72.39999999999999,277.7,7613,2348,488.64285714285717
454,3831,294.6923076923077,13,344.2,716.5,302.5,58.7,396.4,7985,2324,504.9230769230769
455,3392,424.0,8,188.5,365.5,186.7,46.5,87.8,4760,940,593.0
456,3618,301.5,12,357.59999999999997,542.7,309.4,55.6,342.5,5550,1815,495.75
457,3014,334.8888888888889,9,195.4,568.9,275.8,32.4,298.7,5035,1396,465.1111111111111
458,2994,332.6666666666667,9,221.1,312.0,160.4,40.9,148.1,7688,1435,487.3333333333333
459,3823,318.5833333333333,12,399.4,671.5,323.5,63.5,324.4,6802,1901,487.4166666666667
460,5784,340.2352941176471,17,582.0,883.4,348.59999999999997,37.8,313.1,5977,2200,523.6470588235294
461,4373,257.2352941176471,17,333.8,847.3,403.0,72.5,315.7,8798,2990,549.1176470588235
462,3936,328.0,12,284.5,632.5,206.4,56.199999999999996,354.1,5637,1839,435.75
463,6518,407.375,16,398.6,868.1,399.5,81.7,381.3,6441,2506,643.8125
464,3870,387.0,10,239.5,398.4,275.7,49.1,221.3,5182,1084,718.4
465,2934,266.72727272727275,11,304.6,567.8,259.3,57.3,251.3,4535,1157,585.9090909090909
466,6576,365.3333333333333,18,489.6,1115.0,411.4,80.5,404.7,8966,3071,496.6666666666667
467,2601,371.57142857142856,7,161.8,405.1,193.0,26.5,188.39999999999998,3407,1053,373.14285714285717
468,2893,321.44444444444446,9,211.6,601.1,213.2,39.5,199.0,4512,1432,617.8888888888889
469,2742,304.6666666666667,9,144.6,445.5,256.6,45.9,236.6,4131,1443,560.8888888888889
470,3476,316.0,11,289.9,456.5,278.3,51.2,219.7,6201,1689,503.45454545454544
471,3977,284.07142857142856,14,420.8,964.8,343.5,75.5,316.3,5986,2377,552.5714285714286
472,6488,341.4736842105263,19,501.8,1147.1,469.9,91.1,433.90000000000003,9141,3227,593.3684210526316
473,4594,382.8333333333333,12,364.5,499.40000000000003,342.4,67.1,221.20000000000002,7496,2204,500.9166666666667
474,3153,350.3333333333333,9,268.5,421.70000000000005,218.4,43.9,277.4,6660,1100,403.6666666666667
475,1175,235.0,5,110.2,232.60000000000002,102.9,10.3,59.0,2007,765,459.8
476,6000,315.7894736842105,19,444.40000000000003,1286.2,515.1,108.9,407.59999999999997,9671,2772,634.578947368421
477,6093,320.6842105263158,19,451.2,1006.8,455.1,84.8,511.5,11271,2572,607.1052631578947
478,661,330.5,2,11.5,50.0,22.6,8.399999999999999,24.5,1277,184,429.0
479,3064,437.7142857142857,7,174.3,355.1,170.5,32.699999999999996,148.0,1167,747,526.8571428571429
480,1872,312.0,6,133.1,347.3,177.9,26.2,112.9,4027,481,762.3333333333334
481,5557,427.46153846153845,13,288.8,580.8,398.1,70.8,232.0,5838,2025,570.3846153846154
482,4737,364.38461538461536,13,351.0,761.6,356.3,70.4,283.8,6260,2458,594.8461538461538
483,3171,317.1,10,286.1,520.3,226.6,54.0,152.8,4995,1396,623.6
484,2461,351.57142857142856,7,156.4,287.3,199.3,25.4,155.3,3514,923,623.0
485,2593,259.3,10,234.1,342.8,282.2,45.8,177.3,4146,1308,719.2
486,1166,194.33333333333334,6,122.4,231.10000000000002,141.0,32.0,116.8,2705,904,486.0
487,3225,358.3333333333333,9,238.4,469.3,256.09999999999997,39.4,206.9,4557,1368,541.1111111111111
488,2576,368.0,7,173.8,317.8,156.8,28.3,226.0,4381,1060,525.5714285714286
489,2016,288.0,7,199.1,401.59999999999997,198.1,36.0,213.1,3277,784,578.0
490,1558,222.57142857142858,7,158.1,410.79999999999995,142.3,26.4,178.6,2900,1109,601.7142857142857
491,2245,320.7142857142857,7,161.9,342.3,146.9,34.9,178.0,4240,717,527.2857142857143
492,5062,389.38461538461536,13,433.4,825.6,293.3,60.3,224.9,6133,2234,531.4615384615385
493,4080,370.90909090909093,11,287.5,773.6,254.7,58.6,245.2,5857,1864,614.7272727272727
494,2980,372.5,8,243.1,285.9,152.1,36.9,105.5,4457,1213,617.375
495,1915,273.57142857142856,7,171.7,586.0,184.2,33.8,181.5,3793,712,587.8571428571429
496,4893,349.5,14,386.0,804.7,391.1,56.3,328.7,7033,1830,632.7857142857143
497,2132,304.57142857142856,7,221.0,425.4,228.4,37.3,113.0,2671,1122,646.4285714285714
498,3449,313.54545454545456,11,267.9,501.3,232.8,62.6,244.5,5661,1561,636.6363636363636
499,3368,280.6666666666667,12,228.1,502.9,337.3,60.1,213.8,6354,1903,543.5
500,1645,235.0,7,200.29999999999998,437.8,174.3,49.0,160.3,3323,1101,609.4285714285714
501,1820,227.5,8,251.6,430.6,195.2,24.7,205.29999999999998,4179,1464,323.75
502,3263,362.55555555555554,9,270.4,605.1,296.2,51.2,229.5,4701,1579,491.44444444444446
503,1588,317.6,5,126.2,269.9,117.6,15.299999999999999,129.3,1590,978,558.2
504,2451,350.14285714285717,7,191.5,309.7,142.8,30.799999999999997,71.2,4423,932,553.4285714285714
505,3595,449.375,8,212.5,364.1,186.9,48.3,151.39999999999998,4791,1556,492.0
506,3331,370.1111111111111,9,308.3,480.29999999999995,217.6,44.0,190.6,4842,1761,414.77777777777777
507,1304,260.8,5,110.2,329.9,184.7,15.8,88.0,2486,507,688.8
508,3130,284.54545454545456,11,294.2,599.9,247.9,44.7,227.8,4582,2164,477.0
509,1196,239.2,5,72.69999999999999,236.0,111.5,31.799999999999997,112.9,3220,731,710.2
510,2695,336.875,8,250.7,317.2,254.1,43.0,134.6,5816,1057,447.125
511,3196,355.1111111111111,9,271.2,398.0,224.0,41.6,184.3,5799,1440,460.44444444444446
512,3241,405.125,8,252.5,527.0,142.3,40.0,131.7,2891,1456,548.5
513,2154,359.0,6,85.2,291.6,129.7,19.7,123.0,2272,1027,390.8333333333333
514,3196,399.5,8,175.6,318.40000000000003,214.4,32.8,151.4,4214,1140,641.125
515,1431,286.2,5,76.1,237.3,140.4,31.0,160.9,3398,668,592.2
516,4574,304.93333333333334,15,309.9,817.8000000000001,409.3,50.9,304.5,7678,1813,610.8
517,2227,247.44444444444446,9,204.5,477.1,198.0,42.1,249.7,6034,1346,640.3333333333334
518,5658,377.2,15,411.2,659.8,461.1,73.1,355.9,8303,1829,507.2
519,6163,342.3888888888889,18,405.3,1140.7,444.3,86.3,430.0,9723,2610,669.5555555555555
520,4561,380.0833333333333,12,287.5,612.9,309.1,55.7,219.0,5613,1542,509.0833333333333
521,2965,329.44444444444446,9,256.1,514.0,242.0,40.2,186.2,4536,1862,479.0
522,3269,272.4166666666667,12,303.3,529.6,295.9,82.10000000000001,338.4,4216,1956,501.8333333333333
523,1667,277.8333333333333,6,185.0,242.20000000000002,164.60000000000002,19.2,106.10000000000001,3404,617,520.8333333333334
524,3519,293.25,12,308.8,571.3,272.90000000000003,54.3,303.1,6287,1842,533.0833333333334
525,2174,310.57142857142856,7,170.3,389.9,204.6,36.0,145.5,2989,1050,623.7142857142857
526,2198,314.0,7,149.3,352.8,159.7,42.0,150.7,3919,836,557.7142857142857
527,3351,372.3333333333333,9,271.5,442.5,257.5,48.099999999999994,277.2,4233,1860,452.1111111111111
528,1487,212.42857142857142,7,188.7,393.2,215.4,34.5,193.8,2883,908,639.5714285714286
529,3500,350.0,10,180.4,355.9,180.6,36.7,114.2,5024,1573,638.9
530,2921,292.1,10,321.0,418.5,231.8,51.400000000000006,226.20000000000002,6592,1361,681.6
531,3202,291.09090909090907,11,251.2,724.0,323.2,55.199999999999996,311.4,6201,1628,657.1818181818181
532,3761,313.4166666666667,12,335.8,535.7,366.6,65.0,253.2,4970,1925,649.75
533,5407,318.05882352941177,17,436.6,1047.6,533.8,89.5,431.0,8464,2626,562.2941176470588
534,3873,387.3,10,172.7,570.8,323.4,42.3,268.1,6552,1328,489.2
535,3075,384.375,8,140.4,515.2,209.5,37.2,117.4,3342,1324,512.375
536,3107,282.45454545454544,11,219.8,505.3,335.5,63.0,203.3,5541,2119,414.09090909090907
537,1814,226.75,8,237.89999999999998,592.4,151.7,52.0,266.2,4626,1018,681.875
538,3368,374.22222222222223,9,228.0,507.09999999999997,274.0,40.9,171.7,4750,965,500.77777777777777
539,1959,279.85714285714283,7,188.7,369.3,170.5,31.0,198.1,3767,1001,580.0
540,3630,403.3333333333333,9,235.2,383.5,198.4,60.800000000000004,170.2,3283,1203,673.8888888888889
541,5759,383.93333333333334,15,468.2,834.4,253.3,69.6,326.1,6280,3190,565.0666666666667
542,2233,446.6,5,143.4,252.3,151.5,19.5,152.0,1633,505,297.4
543,2421,345.85714285714283,7,234.20000000000002,295.7,212.6,36.5,100.5,3135,948,328.57142857142856
544,1696,339.2,5,83.8,267.2,161.6,18.7,122.6,2810,680,535.0
545,2918,324.22222222222223,9,271.2,429.9,262.4,40.3,194.2,5136,1242,624.6666666666666
546,1724,287.3333333333333,6,105.30000000000001,346.1,174.8,35.8,202.6,2079,940,515.6666666666666
547,1822,260.2857142857143,7,218.6,339.8,232.5,39.2,162.4,4159,1027,525.2857142857143
548,3510,319.09090909090907,11,337.3,679.8,219.5,54.1,253.6,5981,1936,525.0
549,3899,433.22222222222223,9,176.0,574.9,197.6,59.0,201.1,3543,1152,678.2222222222222
550,3063,510.5,6,200.89999999999998,225.20000000000002,163.7,34.3,97.4,2699,1065,579.5
551,3013,301.3,10,267.5,495.5,212.3,48.2,304.8,5375,1817,554.0
552,1003,250.75,4,121.0,269.0,145.8,27.2,90.0,2987,492,663.25
553,3151,350.1111111111111,9,201.4,570.2,230.2,43.4,162.7,4840,1430,695.2222222222222
554,3930,302.3076923076923,13,336.09999999999997,631.4,371.1,88.10000000000001,283.4,6617,1549,552.8461538461538
555,2413,301.625,8,215.8,542.8,113.5,44.3,150.7,3155,1299,605.75
556,1275,318.75,4,122.1,189.6,89.60000000000001,25.4,99.5,1965,474,594.0
557,2628,328.5,8,205.3,429.0,255.5,24.4,243.8,3211,1543,688.0
558,4650,422.72727272727275,11,302.7,715.5,292.0,48.0,254.0,4482,1487,615.3636363636364
559,3141,241.6153846153846,13,352.9,674.9,356.9,50.7,235.4,5034,2467,661.6923076923077
560,1607,229.57142857142858,7,151.8,187.60000000000002,149.2,39.8,125.7,3208,807,626.2857142857143
561,4769,366.84615384615387,13,300.1,674.5,314.0,71.4,304.8,5092,1734,597.3846153846154
562,4060,369.09090909090907,11,401.2,549.4,284.4,64.4,254.6,5094,1381,652.7272727272727
563,4104,315.6923076923077,13,365.5,639.2,375.6,51.5,263.4,6071,1943,563.2307692307693
564,2036,254.5,8,135.8,393.1,144.9,39.0,178.3,5317,1129,541.25
565,5696,335.05882352941177,17,440.7,742.8000000000001,436.1,80.3,277.4,6602,2778,497.7647058823529
566,4106,315.84615384615387,13,356.6,496.7,247.6,52.199999999999996,186.7,7976,1435,540.5384615384615
567,2249,374.8333333333333,6,153.0,377.20000000000005,149.1,47.4,145.7,2034,385,672.6666666666666
568,4011,308.53846153846155,13,448.09999999999997,707.8,271.4,75.9,254.7,7731,1877,517.1538461538462
569,2964,370.5,8,190.1,529.4,116.39999999999999,27.200000000000003,247.9,3242,1320,427.375
570,2124,303.42857142857144,7,162.79999999999998,447.1,239.7,27.6,186.1,3695,1074,540.8571428571429
571,3227,293.3636363636364,11,349.7,531.3,140.4,61.3,270.6,4850,1948,542.8181818181819
572,2133,304.7142857142857,7,157.8,421.4,147.8,23.0,175.3,4260,842,628.7142857142857
573,5347,381.92857142857144,14,336.2,725.6,292.0,75.4,306.3,5222,1451,540.3571428571429
574,3653,365.3,10,215.0,416.2,304.3,50.8,185.10000000000002,4126,1161,486.0
575,3716,285.84615384615387,13,354.9,537.2,383.4,66.1,366.9,7700,2298,587.6153846153846
576,3356,372.8888888888889,9,213.4,387.3,198.5,46.5,160.8,4244,967,678.5555555555555
577,3075,279.54545454545456,11,225.8,631.8,229.2,68.9,275.4,5211,1437,554.5454545454545
578,3099,281.72727272727275,11,257.0,714.1,331.5,63.599999999999994,285.6,6926,1998,627.0
579,2811,255.54545454545453,11,326.3,589.8,339.8,53.4,219.3,4428,1981,398.54545454545456
580,2326,332.2857142857143,7,181.0,406.9,189.0,34.8,156.2,2484,1251,613.8571428571429
581,2850,407.14285714285717,7,143.1,409.9,199.5,37.6,109.1,3792,1502,604.7142857142857
582,2823,352.875,8,142.9,469.8,195.0,46.2,210.8,3737,1811,422.125
583,3041,337.8888888888889,9,265.4,514.9,249.2,32.6,193.7,4349,1160,446.1111111111111
584,2899,289.9,10,284.9,423.0,244.6,66.1,221.1,5584,1774,527.2
585,1878,268.2857142857143,7,199.1,443.2,148.7,40.9,209.9,4078,880,532.7142857142857
586,5954,330.77777777777777,18,433.4,921.6,385.0,87.4,390.1,6517,2112,557.6666666666666
587,3750,288.46153846153845,13,255.6,660.0,369.0,46.8,319.09999999999997,7033,1876,594.5384615384615
588,2905,322.77777777777777,9,197.0,564.3000000000001,162.6,44.8,243.20000000000002,4930,1811,687.1111111111111
589,2210,368.3333333333333,6,195.20000000000002,308.5,175.1,46.6,172.70000000000002,1901,639,603.8333333333334
590,2294,286.75,8,212.4,439.4,112.30000000000001,34.7,114.3,4668,1268,520.875
591,3370,421.25,8,214.5,367.6,200.5,47.5,151.8,4085,1189,578.125
592,3340,303.6363636363636,11,290.3,518.0,317.0,46.0,203.29999999999998,6214,1359,507.1818181818182
593,5057,337.1333333333333,15,258.1,814.7,310.0,68.6,370.1,6407,1749,464.46666666666664
594,1985,283.57142857142856,7,190.3,274.6,204.0,38.9,166.2,4043,1169,634.7142857142857
595,1016,338.6666666666667,3,51.60000000000001,236.9,53.0,19.1,75.0,1850,397,489.0
596,2070,345.0,6,114.6,301.2,103.7,20.7,107.3,2443,929,394.5
597,4052,311.6923076923077,13,367.0,721.4,234.1,73.6,283.7,7226,1625,453.84615384615387
598,3097,309.7,10,171.6,721.6999999999999,357.1,55.1,239.1,4640,1028,621.5
599,2387,341.0,7,230.6,338.09999999999997,108.30000000000001,37.4,140.0,2621,960,637.2857142857143
600,4293,330.2307692307692,13,351.5,604.0,387.7,70.8,282.6,4408,2086,419.2307692307692
601,2378,339.7142857142857,7,114.3,279.20000000000005,216.9,31.900000000000002,156.2,3195,952,629.7142857142857
602,4144,345.3333333333333,12,242.39999999999998,466.0,293.1,58.5,294.5,6690,1710,506.8333333333333
603,3454,383.77777777777777,9,274.7,322.8,226.20000000000002,47.3,210.1,3934,1523,558.6666666666666
604,5617,374.46666666666664,15,447.0,1012.7,330.5,60.5,361.4,6420,1802,671.2666666666667
605,6812,378.44444444444446,18,493.6,849.3000000000001,496.09999999999997,79.3,364.5,7986,3345,488.22222222222223
606,4335,309.64285714285717,14,371.4,800.5,308.4,65.1,299.3,8000,2548,628.9285714285714
607,3500,291.6666666666667,12,337.0,466.9,263.9,55.8,343.9,4659,1729,525.25
608,3820,293.84615384615387,13,326.3,736.0,396.6,66.0,349.7,5962,2040,576.8461538461538
609,2221,277.625,8,189.7,351.8,149.9,49.1,153.1,4862,1256,581.875
610,2828,404.0,7,122.9,309.3,187.5,29.6,179.2,2911,950,561.0
611,4050,311.53846153846155,13,319.3,585.7,296.4,56.5,244.7,5540,1457,495.46153846153845
612,2272,284.0,8,112.19999999999999,372.1,231.7,47.0,160.1,2840,1149,426.75
613,3418,341.8,10,213.6,530.8,254.4,41.199999999999996,231.2,4335,1501,508.5
614,2711,301.22222222222223,9,211.3,381.5,180.8,48.5,168.2,4875,1259,656.8888888888889
615,2698,245.27272727272728,11,255.0,471.7,379.0,44.2,251.0,5074,1910,550.5454545454545
616,1954,279.14285714285717,7,202.6,248.5,217.2,31.9,139.4,2408,1253,767.0
617,1366,227.66666666666666,6,122.9,406.8,125.69999999999999,24.5,125.69999999999999,3276,1186,470.8333333333333
618,2539,282.1111111111111,9,163.2,463.09999999999997,243.3,41.3,198.0,4738,715,503.0
619,3206,400.75,8,215.1,490.0,246.9,29.2,239.9,4267,1726,613.0
620,2121,265.125,8,255.6,503.4,250.29999999999998,43.9,117.80000000000001,3201,1569,534.125
621,3576,255.42857142857142,14,436.7,855.8,352.2,75.7,303.7,5976,2029,567.5
622,2786,398.0,7,239.7,440.29999999999995,152.79999999999998,35.1,150.6,3419,1194,678.4285714285714
623,1995,399.0,5,118.3,168.0,109.1,21.0,104.3,2655,899,511.2
624,2747,249.72727272727272,11,366.5,455.29999999999995,210.10000000000002,50.8,283.1,5202,1690,577.4545454545455
625,2486,414.3333333333333,6,157.3,404.0,162.3,21.400000000000002,209.8,3434,811,383.1666666666667
626,4054,311.84615384615387,13,306.0,606.2,375.3,71.5,321.5,5747,1714,555.3846153846154
627,1169,292.25,4,95.9,210.5,88.5,19.7,66.1,1357,607,415.25
628,1534,255.66666666666666,6,194.5,323.7,176.4,34.300000000000004,109.4,2793,980,386.8333333333333
629,2610,326.25,8,177.2,516.7,234.6,41.6,215.2,3809,1037,609.875
630,3138,241.3846153846154,13,406.5,853.5,389.2,57.2,339.3,6734,2121,603.2307692307693
631,4211,350.9166666666667,12,326.8,813.8,304.9,66.4,320.8,6356,1877,597.25
632,3653,332.09090909090907,11,262.9,636.4,165.5,50.7,244.9,5668,1506,550.6363636363636
633,4367,335.9230769230769,13,380.0,646.9,467.9,75.89999999999999,268.3,5093,1806,528.4615384615385
634,3735,415.0,9,249.6,555.5,234.20000000000002,35.3,254.3,2753,1075,693.1111111111111
635,5419,338.6875,16,433.6,905.0,440.8,82.3,353.5,8661,2821,601.4375
636,3124,390.5,8,113.4,392.4,259.9,49.5,179.1,4979,898,656.375
637,3782,343.8181818181818,11,324.0,699.9,350.8,73.4,315.6,5927,1238,670.5454545454545
638,2277,325.2857142857143,7,199.3,283.2,151.9,43.4,162.4,4918,1420,461.7142857142857
639,3714,412.6666666666667,9,300.8,402.09999999999997,246.5,46.7,196.0,3336,928,502.44444444444446
640,3789,344.45454545454544,11,273.4,644.7,300.0,44.300000000000004,207.7,5519,1813,510.09090909090907
641,4112,373.8181818181818,11,209.4,522.1,310.5,55.2,163.3,6514,1374,562.1818181818181
642,3511,292.5833333333333,12,297.3,598.6,408.2,51.8,183.7,4543,1299,527.25
643,2254,450.8,5,111.8,320.2,147.2,28.1,109.2,3172,778,411.8
644,6092,406.1333333333333,15,293.3,1030.1,362.3,64.2,382.6,8798,2218,496.1333333333333
645,5118,393.6923076923077,13,345.6,607.0,386.09999999999997,54.5,312.7,6219,2144,572.0769230769231
646,3819,381.9,10,191.7,537.7,233.0,53.3,292.2,4751,1954,494.3
647,2917,324.1111111111111,9,244.4,545.6,251.8,45.0,207.9,4654,1411,601.5555555555555
648,2387,341.0,7,120.60000000000001,315.6,164.5,24.1,169.0,3293,1201,577.8571428571429
649,1245,207.5,6,128.7,247.5,166.5,24.6,167.29999999999998,4070,1355,602.5
650,4792,368.61538461538464,13,292.3,744.2,202.3,81.0,308.3,6983,1936,543.3076923076923
651,2183,272.875,8,152.3,446.2,208.5,28.1,173.20000000000002,4470,1007,433.0
652,965,241.25,4,70.0,161.89999999999998,55.0,15.799999999999999,103.80000000000001,1894,768,532.25
653,4270,355.8333333333333,12,299.2,536.1,361.6,66.3,322.5,6344,1984,542.0
654,5774,320.77777777777777,18,403.5,927.3,533.1,98.6,349.5,11238,2663,529.2777777777778
655,1599,266.5,6,163.0,276.0,120.7,37.300000000000004,179.9,2704,1041,652.8333333333334
656,3256,407.0,8,220.9,452.1,228.6,43.6,175.3,3231,1261,582.125
657,3496,317.8181818181818,11,268.5,585.5,329.4,73.4,297.0,4885,1754,610.3636363636364
658,3015,430.7142857142857,7,175.0,405.8,184.2,37.5,208.0,2505,795,551.7142857142857
659,2166,309.42857142857144,7,193.7,368.2,187.29999999999998,31.400000000000002,138.0,2576,665,599.7142857142857
660,4472,344.0,13,393.5,705.6,277.0,70.3,325.8,5714,2247,528.9230769230769
661,2824,256.72727272727275,11,251.4,471.3,303.6,51.0,283.7,6763,1297,667.0
662,2948,327.55555555555554,9,121.3,452.0,179.5,39.4,174.70000000000002,4806,1253,423.1111111111111
663,4839,403.25,12,297.6,617.3,312.6,62.6,287.9,5239,1626,578.5833333333334
664,2520,315.0,8,244.9,528.7,195.0,46.3,176.4,4664,1424,613.25
665,5562,397.2857142857143,14,329.4,629.6,435.7,79.6,265.0,7615,2442,460.2857142857143
666,3711,285.46153846153845,13,303.4,700.6,345.5,74.7,298.9,6997,1465,503.0
667,1048,262.0,4,104.0,118.0,34.7,21.5,77.60000000000001,2400,674,604.75
668,4581,254.5,18,565.2,839.0,472.0,91.0,417.5,6815,2985,524.2777777777778
669,1918,383.6,5,141.7,216.9,136.7,19.4,90.5,3284,985,377.0
670,6157,362.1764705882353,17,479.3,927.3000000000001,480.7,85.0,370.5,8156,2980,486.2352941176471
671,2684,447.3333333333333,6,158.0,348.6,138.4,33.0,131.6,2681,1024,427.1666666666667
672,5043,360.2142857142857,14,517.8000000000001,590.3,360.0,82.3,286.8,7581,2131,620.6428571428571
673,3892,353.8181818181818,11,294.2,562.0,252.5,74.7,217.9,5648,1959,681.4545454545455
674,2869,318.77777777777777,9,271.7,438.5,174.5,36.6,213.8,4972,1358,512.5555555555555
675,4658,358.3076923076923,13,321.7,843.3,357.1,57.8,341.40000000000003,6005,2222,678.6923076923077
676,3322,369.1111111111111,9,196.8,470.1,214.6,50.3,208.8,3693,1475,561.6666666666666
677,2308,288.5,8,214.8,453.7,143.2,41.4,186.8,4329,988,600.5
678,3424,380.44444444444446,9,273.4,405.6,241.6,40.4,180.5,4284,1257,642.7777777777778
679,3366,336.6,10,332.5,540.0,231.9,47.9,103.0,5017,1428,612.7
680,2790,348.75,8,140.3,255.0,206.8,47.5,161.5,3376,1779,687.625
681,3231,269.25,12,231.29999999999998,668.0,276.9,56.8,293.3,5816,1918,568.75
682,2742,391.7142857142857,7,147.1,433.8,135.2,43.3,151.3,3602,850,448.0
683,2510,278.8888888888889,9,225.0,560.5,173.6,49.6,215.1,5539,1741,602.3333333333334
684,1890,378.0,5,109.4,247.8,147.9,25.5,106.8,3175,302,484.6
685,3208,320.8,10,186.0,500.7,226.8,66.1,243.4,5878,1439,396.6
686,4748,395.6666666666667,12,330.9,599.9,306.6,65.0,243.3,5474,1988,490.5833333333333
687,2601,289.0,9,163.0,496.9,304.6,39.4,225.7,5350,1485,467.0
688,2807,401.0,7,251.4,507.0,121.0,42.0,143.3,3619,956,630.1428571428571
689,3386,338.6,10,261.8,457.8,245.29999999999998,56.6,236.8,4529,1153,478.2
690,3008,501.3333333333333,6,164.1,306.2,114.5,32.699999999999996,134.0,1873,927,456.6666666666667
691,4025,365.90909090909093,11,222.2,313.2,287.7,58.6,224.9,5321,1644,569.7272727272727
692,4209,300.64285714285717,14,337.1,789.1,399.8,87.4,383.8,5796,1599,578.2142857142857
693,1611,402.75,4,73.5,282.7,105.0,24.6,87.5,469,609,627.5
694,2248,281.0,8,221.2,431.3,202.5,38.0,146.5,5390,1355,485.375
695,3052,339.1111111111111,9,247.3,502.5,279.3,54.0,113.4,4339,905,552.5555555555555
696,3872,322.6666666666667,12,358.7,664.2,307.4,56.8,244.6,7942,1420,563.0833333333334
697,732,183.0,4,145.4,272.29999999999995,126.4,27.8,100.4,2017,513,772.5
698,2346,234.6,10,264.5,614.8,296.7,45.1,177.1,4696,1445,502.1
699,4572,304.8,15,319.5,712.2,426.5,89.2,303.6,8024,2011,473.6
700,3587,256.2142857142857,14,365.0,706.7,372.8,86.2,314.4,5638,1765,612.3571428571429
701,2294,382.3333333333333,6,66.0,380.8,116.3,28.2,159.1,3449,1004,445.5
702,4767,317.8,15,456.59999999999997,752.3,305.9,60.9,310.7,8326,2266,549.3333333333334
703,3387,307.90909090909093,11,265.4,485.59999999999997,195.89999999999998,67.5,115.89999999999999,4081,1102,495.90909090909093
704,2121,235.66666666666666,9,180.6,579.6,235.7,42.1,219.8,4061,1195,403.77777777777777
705,4633,356.38461538461536,13,366.8,727.8,257.3,67.1,344.9,5201,1488,618.5384615384615
706,3668,407.55555555555554,9,208.9,550.3000000000001,213.8,43.4,233.7,4431,1055,512.0
707,3220,247.69230769230768,13,250.6,585.9,274.5,64.4,274.9,6101,1774,511.15384615384613
708,2869,260.8181818181818,11,243.2,677.4,257.4,46.2,261.3,3587,2092,584.7272727272727
709,4487,320.5,14,372.5,512.4,331.0,61.4,298.7,5997,2626,498.14285714285717
710,2802,311.3333333333333,9,172.1,465.5,219.2,34.4,173.7,4380,1336,487.0
711,2611,261.1,10,174.9,531.6,160.7,33.9,232.3,6095,1288,684.7
712,5164,344.26666666666665,15,317.2,699.3,469.7,92.7,305.4,5877,2306,464.6
713,2011,251.375,8,267.5,487.40000000000003,189.6,47.0,137.3,4315,1142,539.375
714,4644,331.7142857142857,14,385.8,786.7,372.9,74.5,328.2,8330,1660,627.7142857142857
715,3793,379.3,10,289.2,408.4,298.7,49.3,163.5,5881,2121,493.1
716,2615,326.875,8,302.1,265.5,261.2,43.5,170.70000000000002,4141,1253,528.625
717,1500,500.0,3,76.9,147.6,85.7,18.9,76.0,2857,551,698.3333333333334
718,4552,350.15384615384613,13,385.7,804.4,392.0,55.7,290.9,7395,1635,682.3076923076923
719,2242,280.25,8,152.7,393.7,219.9,51.7,142.9,4305,1661,554.5
720,4206,323.53846153846155,13,285.5,565.0,299.4,59.3,187.4,8433,1963,591.3846153846154
721,4509,346.84615384615387,13,278.90000000000003,631.2,233.8,76.6,264.4,6831,1893,622.3076923076923
722,3895,389.5,10,279.0,300.8,288.6,43.2,139.3,5539,1603,585.7
723,3704,370.4,10,276.7,302.6,213.2,59.8,136.1,3641,1755,651.1
724,5448,302.6666666666667,18,488.1,854.9,423.0,82.1,470.6,9637,2378,603.8333333333334
725,3226,403.25,8,176.0,269.4,126.30000000000001,37.9,124.5,5278,1445,495.0
726,2678,334.75,8,178.5,367.8,225.8,27.4,166.1,3973,1416,521.0
727,3411,341.1,10,157.0,634.7,255.1,49.4,218.8,5088,1822,574.4
728,3666,305.5,12,240.2,551.3,341.1,49.8,308.3,6075,1986,409.8333333333333
729,4798,369.0769230769231,13,271.1,573.6,263.2,53.7,250.2,7074,2034,611.4615384615385
730,1387,231.16666666666666,6,107.5,372.3,148.39999999999998,37.9,128.4,2735,851,446.5
731,2654,331.75,8,195.8,402.8,203.2,37.1,182.89999999999998,4819,1060,603.625
732,3718,338.0,11,248.8,658.6,254.89999999999998,50.5,272.8,5985,2285,604.9090909090909
733,3874,352.1818181818182,11,262.0,499.70000000000005,300.3,63.4,217.1,5436,1747,456.90909090909093
734,5127,341.8,15,411.8,731.1,434.5,57.3,377.8,6961,1844,448.8
735,1612,268.6666666666667,6,188.5,362.09999999999997,152.8,35.2,137.6,3564,742,687.1666666666666
736,2967,247.25,12,309.0,570.2,259.3,64.4,314.8,6196,2277,779.9166666666666
737,3800,345.45454545454544,11,233.9,596.6,306.5,50.9,182.0,5057,1658,633.7272727272727
738,2998,249.83333333333334,12,320.3,671.5,271.1,62.2,289.0,4468,1552,634.9166666666666
739,2294,327.7142857142857,7,178.4,372.4,205.6,31.799999999999997,249.4,2375,895,647.7142857142857
740,3618,361.8,10,245.8,343.59999999999997,219.8,58.8,176.0,4292,1602,659.1
741,2828,257.09090909090907,11,256.4,622.9,275.0,66.6,211.2,6320,1629,603.6363636363636
742,2965,269.54545454545456,11,199.20000000000002,518.3,247.8,55.3,234.9,7161,1949,562.9090909090909
743,3012,334.6666666666667,9,248.0,605.9,249.7,55.3,144.9,4761,1227,493.77777777777777
744,2337,389.5,6,183.5,306.5,176.1,31.1,148.9,2209,917,442.0
745,4625,420.45454545454544,11,214.9,489.1,257.8,65.6,211.10000000000002,4659,1114,529.9090909090909
746,1693,282.1666666666667,6,161.6,272.1,175.2,46.5,86.8,3079,1117,614.6666666666666
747,3005,333.8888888888889,9,180.20000000000002,502.7,238.5,50.5,170.6,5897,1900,565.1111111111111
748,3519,391.0,9,243.8,561.4,244.0,43.2,104.2,3751,1692,438.22222222222223
749,514,257.0,2,67.2,129.2,80.69999999999999,5.8,74.1,1086,142,666.5
750,2189,273.625,8,192.4,428.6,252.0,44.9,193.9,4307,1370,719.0
751,3490,349.0,10,272.7,354.0,325.0,52.9,182.1,4515,1950,671.8
752,1983,247.875,8,222.1,429.8,254.0,46.9,169.8,4505,1123,481.25
753,2189,364.8333333333333,6,188.0,405.4,199.89999999999998,34.0,183.5,2907,930,669.8333333333334
754,2066,344.3333333333333,6,173.2,326.4,165.3,31.8,140.1,1187,664,696.0
755,2555,319.375,8,187.4,507.3,172.1,49.699999999999996,193.3,3762,1399,599.875
756,1555,259.1666666666667,6,149.2,324.4,188.7,18.8,162.1,2480,1248,476.0
757,4656,358.15384615384613,13,381.3,621.2,397.3,94.3,329.8,6228,1378,729.6923076923077
758,4651,332.2142857142857,14,308.1,857.1999999999999,325.1,69.5,320.6,8528,2115,644.5714285714286
759,4299,358.25,12,348.1,452.40000000000003,253.9,62.8,194.9,5243,1561,447.25
760,4445,370.4166666666667,12,420.5,707.5,306.4,62.1,300.2,5035,2350,479.5
761,4924,410.3333333333333,12,272.5,424.0,338.9,60.9,225.79999999999998,7341,1410,533.1666666666666
762,4065,451.6666666666667,9,173.9,394.0,245.29999999999998,50.7,181.9,4148,1354,612.1111111111111
763,4159,378.09090909090907,11,208.5,729.2,325.1,51.7,282.6,5843,2118,596.6363636363636
764,5978,351.6470588235294,17,463.4,1021.6,405.2,101.0,316.9,9584,2731,522.5294117647059
765,2534,281.55555555555554,9,209.70000000000002,485.2,206.9,34.7,226.79999999999998,5540,1169,590.2222222222222
766,4538,378.1666666666667,12,309.6,814.5,326.3,63.0,281.0,5628,1076,612.1666666666666
767,3516,293.0,12,351.90000000000003,550.2,387.2,60.0,182.9,5376,1800,564.5
768,3470,289.1666666666667,12,317.0,695.3,340.4,55.6,217.9,5523,2343,560.5833333333334
769,3211,356.77777777777777,9,349.2,464.7,292.3,33.9,244.3,4523,1033,447.3333333333333
770,2220,277.5,8,184.2,379.4,218.4,41.1,171.8,4952,1133,445.625
771,2124,236.0,9,177.29999999999998,381.2,287.3,50.6,190.4,3701,1204,481.0
772,3137,313.7,10,196.5,580.6,252.9,64.4,224.0,4695,1694,581.1
773,1481,296.2,5,131.1,279.4,51.8,17.1,133.0,1429,582,434.4
774,6093,338.5,18,486.7,818.6,504.8,111.7,327.4,8711,2644,578.8333333333334
775,5145,321.5625,16,344.4,891.5,392.1,70.7,300.3,9159,2621,604.5
776,2665,296.1111111111111,9,183.9,495.6,272.3,36.6,230.4,5151,1275,426.0
777,2225,317.85714285714283,7,219.0,377.59999999999997,139.0,20.8,198.5,4643,1180,555.2857142857143
778,946,189.2,5,207.4,253.2,143.4,22.900000000000002,172.7,1625,913,603.6
779,3721,338.27272727272725,11,284.6,637.4,255.7,42.6,206.0,4071,999,538.3636363636364
780,3170,243.84615384615384,13,314.5,652.9,358.8,63.800000000000004,317.8,4734,2087,511.2307692307692
781,3092,343.55555555555554,9,173.5,492.3,252.0,49.7,156.4,4342,1184,603.7777777777778
782,3016,251.33333333333334,12,278.5,752.5,194.5,61.2,258.9,2969,1402,574.6666666666666
783,2535,230.45454545454547,11,327.7,473.3,285.8,61.3,295.4,6357,2271,559.1818181818181
784,4404,338.7692307692308,13,276.9,592.7,301.1,71.4,262.6,5857,2090,643.0
785,1667,208.375,8,223.3,520.2,200.1,45.5,199.1,4513,1256,443.75
786,3469,385.44444444444446,9,263.5,364.7,244.8,38.8,206.3,4978,1385,639.7777777777778
787,2571,367.2857142857143,7,156.3,494.20000000000005,133.9,43.1,111.7,2527,1051,615.1428571428571
788,2538,317.25,8,121.6,419.7,265.6,25.099999999999998,219.79999999999998,2430,762,655.625
789,3825,425.0,9,266.5,446.7,168.2,35.3,153.7,4738,1398,550.8888888888889
790,5798,341.05882352941177,17,562.0,896.7,372.3,88.0,303.0,7119,2498,584.2941176470588
791,2932,325.77777777777777,9,277.90000000000003,532.4,204.4,29.3,267.7,5793,927,435.44444444444446
792,2626,218.83333333333334,12,302.9,633.3000000000001,349.2,70.3,219.5,5756,1806,657.0
793,2428,346.85714285714283,7,226.3,417.3,150.5,29.0,133.7,3491,1091,690.8571428571429
794,2723,340.375,8,249.0,331.5,129.6,50.9,142.8,4809,1625,589.875
795,2207,315.2857142857143,7,261.8,389.6,156.6,39.9,144.6,2579,1100,593.4285714285714
796,1683,336.6,5,155.4,153.5,126.8,30.9,72.39999999999999,2498,619,387.4
797,3177,288.8181818181818,11,317.9,597.3,297.4,46.0,245.5,5922,1485,560.0909090909091
798,2283,253.66666666666666,9,246.4,509.2,225.4,48.4,237.5,5910,1059,545.1111111111111
799,2909,264.45454545454544,11,276.0,645.7,293.4,56.8,221.0,6461,2086,532.9090909090909
800,1574,224.85714285714286,7,216.7,292.5,157.4,35.8,100.60000000000001,3210,1089,692.7142857142857
801,2964,329.3333333333333,9,233.8,561.3,268.0,36.2,256.8,5539,993,591.2222222222222
802,2484,354.85714285714283,7,196.10000000000002,271.8,172.0,40.6,176.1,2740,1091,555.4285714285714
803,3802,316.8333333333333,12,382.7,758.9,324.9,65.3,254.89999999999998,5828,1240,565.5
804,2466,411.0,6,209.6,247.60000000000002,130.3,37.5,136.0,2484,780,544.5
805,4451,342.38461538461536,13,315.3,588.7,354.0,50.0,311.6,6697,1853,574.8461538461538
806,4077,370.6363636363636,11,184.8,511.29999999999995,306.6,57.8,255.10000000000002,6530,1549,571.3636363636364
807,5039,314.9375,16,402.2,917.1,470.6,98.0,328.40000000000003,8270,2408,636.25
808,2427,346.7142857142857,7,176.1,451.0,188.89999999999998,41.6,192.7,3874,1138,526.1428571428571
809,2715,339.375,8,168.8,535.9,237.0,35.8,237.8,4078,1001,528.875
810,2579,286.55555555555554,9,199.8,556.3,191.7,37.4,215.9,3080,1108,575.0
811,3209,401.125,8,220.29999999999998,424.3,167.1,32.699999999999996,189.9,6345,1493,547.25
812,3796,379.6,10,258.7,421.7,252.8,42.1,149.4,4584,1457,595.5
813,1011,337.0,3,73.80000000000001,102.0,44.5,13.600000000000001,37.3,2185,566,555.3333333333334
814,3954,282.42857142857144,14,379.1,802.6,313.9,66.4,358.4,6696,2316,579.8571428571429
815,2042,291.7142857142857,7,196.9,429.9,202.8,26.7,127.8,2385,1223,516.1428571428571
816,3885,323.75,12,246.9,764.4,261.1,53.2,273.8,5998,2266,525.75
817,2045,255.625,8,218.7,312.9,164.9,45.6,201.29999999999998,4985,627,742.25
818,2220,444.0,5,108.4,255.2,155.7,27.4,75.7,2834,808,793.8
819,2208,245.33333333333334,9,205.1,340.7,206.7,43.3,170.9,4743,1402,554.0
820,3425,311.3636363636364,11,337.5,657.5,251.29999999999998,64.2,227.8,5015,1506,503.1818181818182
821,1857,265.2857142857143,7,191.7,348.8,214.89999999999998,22.4,132.5,3999,997,438.42857142857144
822,2383,264.77777777777777,9,215.6,495.1,239.7,49.5,275.2,5661,1303,611.2222222222222
823,3229,293.54545454545456,11,342.9,516.0,261.1,67.9,190.5,4990,1720,727.3636363636364
824,3831,348.27272727272725,11,201.9,593.7,336.9,41.9,245.4,5637,1120,550.9090909090909
825,1542,308.4,5,145.60000000000002,371.40000000000003,130.5,32.6,126.30000000000001,2557,723,765.2
826,3538,393.1111111111111,9,305.5,437.2,278.6,57.3,262.2,5335,1305,677.5555555555555
827,3672,333.8181818181818,11,249.4,568.8,363.7,42.7,253.89999999999998,5492,1681,577.4545454545455
828,2769,307.6666666666667,9,219.3,454.6,261.2,38.800000000000004,147.2,4411,1044,413.3333333333333
829,4284,357.0,12,321.8,653.5,310.5,56.2,293.4,7157,1922,528.4166666666666
830,2671,333.875,8,196.0,408.0,219.29999999999998,36.8,233.6,2194,1112,333.5
831,4623,355.61538461538464,13,289.4,560.9,325.0,78.8,228.2,7489,1921,648.5384615384615
832,2402,343.14285714285717,7,139.9,467.8,188.9,22.5,150.4,3669,1013,526.0
833,3409,378.77777777777777,9,207.2,448.8,274.5,45.7,225.9,5264,792,538.4444444444445
834,4767,397.25,12,319.3,659.0,268.2,52.6,214.8,6349,1796,531.1666666666666
835,2662,295.77777777777777,9,238.2,486.40000000000003,181.4,36.6,261.9,4988,1412,581.6666666666666
836,1886,235.75,8,185.6,401.8,290.4,43.4,171.79999999999998,3979,1592,606.125
837,5145,367.5,14,451.8,787.7,350.2,64.3,298.2,5953,2225,500.42857142857144
838,4872,442.90909090909093,11,301.09999999999997,436.7,276.3,43.5,188.4,4441,1933,459.3636363636364
839,2757,306.3333333333333,9,191.8,470.9,216.8,63.5,160.79999999999998,4710,1382,468.6666666666667
840,3047,338.55555555555554,9,194.3,537.9,254.3,33.0,144.60000000000002,4484,1309,656.2222222222222
841,3317,331.7,10,342.5,608.0,295.9,44.0,243.0,6605,1577,500.0
842,3835,319.5833333333333,12,276.9,826.5,414.5,58.0,297.3,6230,2300,597.0833333333334
843,3279,298.09090909090907,11,243.0,582.6,239.4,58.099999999999994,197.0,5040,1363,539.0909090909091
844,2560,284.44444444444446,9,288.3,455.7,193.29999999999998,29.0,220.6,4476,1016,608.3333333333334
845,3447,287.25,12,297.6,522.9,311.8,43.5,223.5,7149,1783,515.4166666666666
846,2329,332.7142857142857,7,155.1,346.0,182.0,44.4,125.8,2694,1247,718.8571428571429
847,1682,336.4,5,149.2,233.3,106.8,23.4,114.6,954,631,644.6
848,3444,313.09090909090907,11,244.4,662.0,270.9,51.8,229.7,3981,1897,506.3636363636364
849,4222,422.2,10,137.0,635.1,243.3,39.5,253.1,4482,1743,385.5
850,3004,273.09090909090907,11,296.8,380.6,325.5,66.3,259.7,4045,1861,688.6363636363636
851,3799,422.1111111111111,9,211.0,464.2,219.6,45.2,221.9,4124,1686,650.6666666666666
852,2965,423.57142857142856,7,119.0,330.8,177.0,45.7,174.39999999999998,2988,995,579.8571428571429
853,4247,386.09090909090907,11,218.5,633.9,243.1,60.7,311.5,6374,2238,687.3636363636364
854,4596,328.2857142857143,14,310.1,622.6,235.2,66.0,320.4,7632,2518,491.7857142857143
855,3579,325.3636363636364,11,306.8,498.3,295.2,52.7,218.5,5770,1832,423.90909090909093
856,1897,316.1666666666667,6,208.2,338.7,128.7,24.1,149.9,3210,698,542.6666666666666
857,3347,334.7,10,229.70000000000002,445.7,246.9,46.9,213.3,4871,1338,504.8
858,3293,329.3,10,276.8,478.1,221.5,42.8,201.0,5112,1862,643.5
859,3274,272.8333333333333,12,238.4,696.3,342.5,48.9,253.4,5640,2063,542.0833333333334
860,2929,266.27272727272725,11,219.0,585.5,278.4,63.9,248.5,5318,2256,456.54545454545456
861,2012,402.4,5,148.2,217.4,120.9,27.0,46.6,1720,900,486.8
862,3135,348.3333333333333,9,326.9,469.2,202.7,36.4,173.9,4600,938,385.22222222222223
863,2572,321.5,8,219.1,298.0,224.7,34.4,153.4,4030,1465,456.625
864,2685,298.3333333333333,9,234.0,499.20000000000005,356.9,27.1,203.1,6516,1155,530.0
865,1929,241.125,8,150.4,466.9,233.4,47.1,177.4,4559,944,711.0
866,5988,352.2352941176471,17,452.6,967.8,309.6,79.2,378.0,6238,2827,493.7647058823529
867,3424,380.44444444444446,9,258.6,317.4,221.9,54.3,117.0,4941,1074,521.7777777777778
868,2854,259.45454545454544,11,287.4,561.2,272.4,40.5,209.9,4764,1518,569.5454545454545
869,3525,293.75,12,308.7,777.0,297.9,50.8,292.8,4528,1344,458.5
870,2431,243.1,10,228.6,669.0,219.5,43.5,177.5,4083,1586,449.2
871,3805,422.77777777777777,9,214.5,460.8,248.29999999999998,42.099999999999994,162.0,5079,1148,366.6666666666667
872,2662,380.2857142857143,7,162.8,365.8,174.29999999999998,39.2,110.7,3829,674,698.8571428571429
873,3216,292.3636363636364,11,214.7,734.8,309.6,43.6,225.7,5273,1440,569.1818181818181
874,789,263.0,3,75.1,159.7,40.6,8.7,79.1,533,442,634.3333333333334
875,3151,262.5833333333333,12,299.6,666.1,265.7,68.3,248.5,5610,2041,465.25
876,2630,292.22222222222223,9,216.10000000000002,398.6,222.39999999999998,45.1,189.79999999999998,3827,1636,629.6666666666666
877,1520,304.0,5,141.1,318.0,120.1,21.8,184.60000000000002,2344,630,562.6
878,5076,338.4,15,389.3,941.5,377.7,69.0,317.4,6444,2348,460.6
879,3406,378.44444444444446,9,190.3,492.9,147.1,56.0,168.4,3921,1311,461.3333333333333
880,1603,400.75,4,81.0,243.6,73.9,19.7,87.8,643,623,396.5
881,4664,291.5,16,323.09999999999997,784.3,427.2,82.60000000000001,328.0,7309,2687,610.0625
882,4700,361.53846153846155,13,286.0,662.4,320.4,79.2,379.1,5404,1942,598.3846153846154
883,3426,263.53846153846155,13,302.7,696.9,301.0,65.8,320.3,7097,2024,520.8461538461538
884,2169,271.125,8,154.8,291.3,198.8,42.4,144.3,2842,1410,447.375
885,1593,398.25,4,116.2,186.89999999999998,79.5,17.5,89.8,1845,346,580.25
886,2192,274.0,8,231.7,264.9,131.5,49.5,172.3,3380,1101,557.0
887,2592,259.2,10,292.0,420.3,268.6,26.5,199.2,4160,1770,573.1
888,4739,338.5,14,406.9,799.3,332.3,65.7,376.9,8468,2310,650.6428571428571
889,4459,318.5,14,305.6,833.0,370.8,73.2,241.9,7205,2141,522.7857142857143
890,3951,303.9230769230769,13,375.9,576.0,321.1,85.8,183.8,6906,2325,509.9230769230769
891,2295,286.875,8,269.4,327.5,180.3,35.7,106.5,4258,1292,511.5
892,4968,331.2,15,431.3,870.4,354.4,72.4,353.1,7803,1903,496.1333333333333
893,3662,332.90909090909093,11,286.9,646.7,250.29999999999998,66.8,244.4,5969,1755,551.4545454545455
894,3011,301.1,10,271.5,507.9,234.3,59.699999999999996,192.5,5525,1200,632.2
895,3061,306.1,10,268.4,566.5,299.6,47.8,190.20000000000002,6240,1658,562.8
896,2546,363.7142857142857,7,179.4,391.2,145.4,29.5,97.5,4246,839,396.0
897,2140,428.0,5,124.3,341.59999999999997,158.6,13.700000000000001,85.5,1629,866,485.0
898,2437,348.14285714285717,7,183.70000000000002,303.3,233.5,35.4,136.7,3947,1003,619.4285714285714
899,2719,339.875,8,153.7,450.0,225.3,25.1,153.6,3738,1627,561.75
900,4177,321.3076923076923,13,357.2,579.5,400.4,69.2,270.2,8314,2258,541.1538461538462
901,2416,345.14285714285717,7,188.9,376.5,210.7,35.699999999999996,199.5,2582,1302,697.7142857142857
902,3576,357.6,10,249.89999999999998,601.7,242.0,43.8,166.1,5401,1390,557.7
903,4777,318.46666666666664,15,290.9,947.6,283.8,81.69999999999999,299.7,6980,2394,541.7333333333333
904,1954,390.8,5,159.29999999999998,293.8,141.4,15.8,156.8,2412,833,709.4
905,4784,398.6666666666667,12,312.8,689.2,252.8,42.6,336.3,6054,1822,598.8333333333334
906,5260,478.1818181818182,11,380.7,693.4,247.9,45.4,262.9,5890,2094,467.1818181818182
907,4117,316.6923076923077,13,407.1,641.8,345.9,58.3,276.3,5909,2058,570.0
908,3182,353.55555555555554,9,161.5,369.8,221.3,49.3,208.1,3074,709,549.0
909,3034,303.4,10,292.5,461.59999999999997,218.2,46.5,272.0,5264,1811,516.2
910,4843,345.92857142857144,14,428.3,685.5,347.9,46.4,311.1,7430,2919,529.6428571428571
911,5458,389.85714285714283,14,389.5,709.8,419.2,80.3,290.0,7847,1808,498.07142857142856
912,2605,325.625,8,189.0,481.5,210.3,37.8,190.2,3131,1309,539.0
913,6009,316.2631578947368,19,480.2,991.0,430.3,101.9,416.1,8984,2479,523.421052631579
914,2702,300.22222222222223,9,245.8,508.8,233.0,44.599999999999994,156.7,3957,1522,696.0
915,3010,376.25,8,190.4,431.2,270.7,44.3,196.6,3555,1364,563.125
916,2006,334.3333333333333,6,141.6,219.10000000000002,190.4,26.2,92.6,3016,721,449.3333333333333
917,2175,362.5,6,160.9,314.5,177.8,37.8,146.5,3199,944,531.8333333333334
918,3344,418.0,8,201.9,340.5,216.9,47.8,156.7,4085,913,658.625
919,5434,339.625,16,451.4,865.6,416.8,72.7,408.2,9939,1859,621.3125
920,2244,280.5,8,181.2,535.9,277.0,46.8,180.2,4539,1848,780.75
921,4146,318.9230769230769,13,302.3,651.2,385.6,58.3,294.7,5914,2179,542.8461538461538
922,3783,315.25,12,310.1,610.7,194.7,53.2,205.0,6051,1661,453.8333333333333
923,3369,374.3333333333333,9,197.5,518.5,152.29999999999998,59.3,161.6,4791,1656,627.2222222222222
924,1637,327.4,5,126.0,224.70000000000002,121.5,14.0,132.3,3152,403,455.0
925,3157,263.0833333333333,12,315.2,540.0,280.8,65.9,211.0,5871,2157,583.9166666666666
926,3329,256.0769230769231,13,427.9,685.5,273.1,69.7,263.9,5651,2259,567.4615384615385
927,4296,358.0,12,325.0,636.3,283.2,60.7,346.1,3734,1851,531.3333333333334
928,4570,351.53846153846155,13,397.0,726.9,352.5,90.3,289.5,9559,1820,638.5384615384615
929,4415,315.35714285714283,14,256.5,884.6,313.0,65.6,329.9,6658,1926,687.8571428571429
930,4888,325.8666666666667,15,470.6,777.3,385.8,79.2,340.4,7586,2711,520.8666666666667
931,3785,378.5,10,266.8,538.8,266.6,46.9,252.4,3795,1860,710.2
932,1981,330.1666666666667,6,72.9,314.7,169.0,20.0,171.0,2298,1141,449.5
933,1379,172.375,8,208.6,349.6,190.0,21.4,79.4,2306,1360,664.0
934,3293,329.3,10,289.1,597.3,213.1,54.6,199.2,4899,1797,511.7
935,3721,310.0833333333333,12,382.1,551.0,314.0,61.3,279.0,3800,1984,580.3333333333334
936,3153,286.6363636363636,11,337.2,539.1,365.5,60.0,203.6,5036,1597,524.0909090909091
937,1971,246.375,8,179.2,463.6,254.4,46.0,226.5,4662,1372,498.125
938,3431,285.9166666666667,12,268.5,709.3000000000001,397.8,65.4,283.4,6026,2104,592.25
939,1956,326.0,6,161.9,333.5,154.3,31.8,124.2,3268,942,631.8333333333334
940,2649,294.3333333333333,9,227.6,566.6,194.29999999999998,34.6,184.6,3789,1023,457.77777777777777
941,3520,320.0,11,238.6,525.4,381.6,68.1,268.7,5566,1539,613.1818181818181
942,4086,314.3076923076923,13,338.6,642.7,434.5,75.3,231.1,6373,1909,534.5384615384615
943,2886,320.6666666666667,9,239.0,349.4,258.9,49.2,165.2,4096,1051,581.6666666666666
944,1999,399.8,5,151.3,252.1,114.9,22.6,94.2,1593,945,545.6
945,2513,228.45454545454547,11,259.4,575.0,201.3,54.0,206.4,4632,1489,595.3636363636364
946,1794,299.0,6,141.1,313.6,132.8,31.6,85.5,2157,637,369.8333333333333
947,2159,269.875,8,212.8,323.5,223.8,30.6,107.9,3591,645,506.625
948,4721,295.0625,16,411.4,745.5,403.3,84.5,383.59999999999997,9162,2271,559.6875
949,3699,284.53846153846155,13,339.0,664.0,325.7,52.9,217.6,5695,1687,620.4615384615385
950,4123,343.5833333333333,12,400.6,789.7,392.2,51.0,275.2,7670,1634,756.0833333333334
951,2021,252.625,8,185.60000000000002,395.0,302.8,20.6,191.70000000000002,5200,926,396.875
952,3620,258.57142857142856,14,413.4,716.1,389.9,78.9,368.9,8714,2106,660.7142857142857
953,3154,315.4,10,270.9,684.5,227.2,37.6,228.5,4593,1420,487.1
954,2918,224.46153846153845,13,300.4,691.9,263.9,56.900000000000006,211.0,6177,1865,666.9230769230769
955,2963,296.3,10,269.8,521.5,315.2,38.5,217.7,5148,1412,512.9
956,5168,344.53333333333336,15,312.3,743.9,289.9,58.3,226.8,7213,2204,456.06666666666666
957,4091,371.90909090909093,11,287.6,483.9,258.4,58.3,305.8,5362,1252,481.09090909090907
958,3223,402.875,8,207.2,403.70000000000005,224.4,47.5,267.7,4145,774,538.875
959,6101,381.3125,16,357.7,683.5,456.4,60.3,400.0,8268,2940,525.25
960,5143,321.4375,16,442.0,865.2,340.4,77.3,377.6,6361,2602,572.0625
961,2476,275.1111111111111,9,257.7,453.6,208.7,53.699999999999996,172.1,5101,1350,592.1111111111111
962,4373,364.4166666666667,12,224.5,667.1,271.4,73.39999999999999,250.8,7306,1812,551.25
963,4303,358.5833333333333,12,387.9,713.6,370.8,66.89999999999999,316.4,5259,2111,542.25
964,3493,349.3,10,292.9,591.9,194.3,40.5,192.2,4912,1959,581.5
965,2164,360.6666666666667,6,162.3,379.6,113.8,44.3,86.3,2265,800,613.1666666666666
966,3140,392.5,8,262.9,427.2,216.60000000000002,40.1,171.60000000000002,4269,1456,416.625
967,2003,333.8333333333333,6,141.8,349.6,112.10000000000001,36.8,78.7,2750,1184,524.0
968,2840,355.0,8,163.0,306.1,220.20000000000002,39.3,178.7,4892,1560,409.625
969,2733,390.42857142857144,7,154.9,425.8,195.7,42.4,228.0,3118,1154,515.0
970,2241,249.0,9,267.6,337.0,225.4,57.1,244.9,5047,1910,550.1111111111111
971,2456,307.0,8,282.1,373.5,225.4,51.0,213.8,4462,1099,600.0
972,3635,363.5,10,318.0,465.6,268.7,46.6,283.4,4990,1622,577.8
973,5315,295.27777777777777,18,440.5,982.5,445.1,74.2,392.9,8855,2488,503.3888888888889
974,2898,289.8,10,273.0,415.8,270.7,35.3,251.2,3740,1751,498.0
975,2788,309.77777777777777,9,228.0,490.2,290.7,42.3,210.0,4022,1456,433.6666666666667
976,2711,387.2857142857143,7,168.6,438.6,158.7,35.8,190.3,3420,1065,601.5714285714286
977,5562,397.2857142857143,14,300.4,785.1,373.1,65.8,305.0,6999,2703,552.0
978,3856,321.3333333333333,12,308.9,711.8,370.0,68.0,199.6,5829,1641,658.3333333333334
979,3533,353.3,10,231.8,622.0,264.3,41.6,218.0,5844,1270,738.9
980,2074,207.4,10,303.3,561.9,285.8,53.0,224.7,4597,1066,575.7
981,1731,216.375,8,198.7,445.8,175.8,42.5,154.6,4946,1323,495.75
982,3869,386.9,10,182.8,472.8,287.9,62.3,244.20000000000002,6670,1916,484.7
983,2005,250.625,8,238.39999999999998,474.8,153.0,44.8,170.3,3068,1594,638.75
984,3132,348.0,9,208.9,385.7,251.9,41.7,113.0,5009,1669,658.1111111111111
985,3041,304.1,10,256.4,619.7,272.0,53.9,194.5,4913,1730,529.0
986,2183,272.875,8,179.9,538.9,221.9,24.1,225.7,3460,1212,486.25
987,1213,242.6,5,132.5,304.79999999999995,111.1,20.299999999999997,173.1,2772,733,480.6
988,1881,313.5,6,207.6,351.8,187.9,37.699999999999996,167.9,3363,991,544.5
989,3831,348.27272727272725,11,221.6,699.2,338.4,45.8,324.0,5155,1865,522.2727272727273
990,2612,290.22222222222223,9,264.6,410.9,292.2,49.3,215.1,3800,1146,509.3333333333333
991,2368,296.0,8,219.4,475.40000000000003,222.4,35.7,233.6,3952,1622,462.875
992,3094,343.77777777777777,9,224.0,398.1,311.6,48.9,215.6,3887,1435,523.3333333333334
993,3530,294.1666666666667,12,306.8,595.0,261.8,60.7,222.8,5935,2288,546.8333333333334
994,3000,300.0,10,254.6,327.29999999999995,241.2,48.5,236.0,4217,1323,563.0
995,3315,368.3333333333333,9,174.3,418.29999999999995,286.9,41.1,221.1,4642,1392,761.1111111111111
996,2529,316.125,8,258.7,347.8,213.7,40.6,118.0,3711,1199,415.75
997,2503,312.875,8,181.5,343.40000000000003,241.9,50.8,230.4,3075,1124,515.0
998,3648,304.0,12,407.7,511.1,239.7,64.2,291.7,4421,1838,631.0833333333334
999,4643,357.15384615384613,13,403.2,537.1,318.2,87.8,320.5,7060,2175,550.3076923076923
1000,3442,286.8333333333333,12,217.4,651.5,232.89999999999998,54.5,365.5,6270,2366,608.5833333333334
